fecha_fijacion;index;serie;valor
01-10-1982;NO;DÓLAR;60
01-10-1982;NO;Factor de actualización;21,2363
01-10-1982;NO;PNE SEN-SIC;1,78
01-10-1982;NO;PNP SEN-SIC;353,5
01-10-1982;NO;UF;1297,13
01-11-1982;SI;DÓLAR;68
01-11-1982;SI;Factor de actualización;20,4175
01-11-1982;SI;PNE SEN-SIC;2,003
01-11-1982;SI;PNP SEN-SIC;397,8
01-11-1982;SI;UF;1349,15
01-04-1983;NO;DÓLAR;73,28
01-04-1983;NO;Factor de actualización;18,0715
01-04-1983;NO;PNE SEN-SIC;1,886
01-04-1983;NO;PNP SEN-SIC;424,1
01-04-1983;NO;UF;1524,29
01-10-1983;NO;DÓLAR;82,29
01-10-1983;NO;Factor de actualización;15,8895
01-10-1983;NO;PNE SEN-SIC;2,106
01-10-1983;NO;PNP SEN-SIC;463,9
01-10-1983;NO;UF;1733,61
01-04-1984;NO;DÓLAR;88,18
01-04-1984;NO;Factor de actualización;14,9626
01-04-1984;NO;PNE SEN-SIC;2,1
01-04-1984;NO;PNP SEN-SIC;518,6
01-04-1984;NO;UF;1841
01-10-1984;NO;DÓLAR;115,05
01-10-1984;NO;Factor de actualización;13,8822
01-10-1984;NO;PNE AYSEN;5,591
01-10-1984;NO;PNE PARENAS;3,655
01-10-1984;NO;PNE PNATALES;4,143
01-10-1984;NO;PNE PORVENIR;4,228
01-10-1984;NO;PNE SEN-SIC;2,61
01-10-1984;NO;PNE SEN-SING Antof.;10,594
01-10-1984;NO;PNP AYSEN;1035,8
01-10-1984;NO;PNP PARENAS;684
01-10-1984;NO;PNP PNATALES;1035,8
01-10-1984;NO;PNP PORVENIR;1035,8
01-10-1984;NO;PNP SEN-SIC;618,6
01-10-1984;NO;PNP SEN-SING Antof.;1035,8
01-10-1984;NO;UF;1984,29
01-04-1985;NO;DÓLAR;146,69
01-04-1985;NO;Factor de actualización;11,6103
01-04-1985;NO;PNE AYSEN;5,953
01-04-1985;NO;PNE PARENAS;3,68
01-04-1985;NO;PNE PNATALES;5,068
01-04-1985;NO;PNE PORVENIR;5,006
01-04-1985;NO;PNE SEN-SIC;3,054
01-04-1985;NO;PNE SEN-SING Antof.;13,577
01-04-1985;NO;PNP AYSEN;1370,6
01-04-1985;NO;PNP PARENAS;693,2
01-04-1985;NO;PNP PNATALES;1234,2
01-04-1985;NO;PNP PORVENIR;1234,2
01-04-1985;NO;PNP SEN-SIC;704,3
01-04-1985;NO;PNP SEN-SING Antof.;1234,2
01-04-1985;NO;UF;2372,56
01-10-1985;NO;DÓLAR;175,27
01-10-1985;NO;Factor de actualización;10,1804
01-10-1985;NO;PNE AYSEN;6,27
01-10-1985;NO;PNE PARENAS;3,83
01-10-1985;NO;PNE PNATALES;5,44
01-10-1985;NO;PNE PORVENIR;6,2
01-10-1985;NO;PNE SEN-SIC;3,471
01-10-1985;NO;PNE SEN-SING Antof.;13,86
01-10-1985;NO;PNP AYSEN;1388,9
01-10-1985;NO;PNP PARENAS;836,1
01-10-1985;NO;PNP PNATALES;1290
01-10-1985;NO;PNP PORVENIR;1290
01-10-1985;NO;PNP SEN-SIC;757,2
01-10-1985;NO;PNP SEN-SING Antof.;1277,8
01-10-1985;NO;UF;2705,8
01-04-1986;NO;DÓLAR;186,39
01-04-1986;NO;Factor de actualización;9,2922
01-04-1986;NO;PNE AYSEN;6,23
01-04-1986;NO;PNE PARENAS;3,62
01-04-1986;NO;PNE PNATALES;4,9
01-04-1986;NO;PNE PORVENIR;5,8
01-04-1986;NO;PNE SEN-SIC;3,96
01-04-1986;NO;PNE SEN-SING Antof.;11,4
01-04-1986;NO;PNP AYSEN;1445,7
01-04-1986;NO;PNP PARENAS;901,4
01-04-1986;NO;PNP PNATALES;1338,1
01-04-1986;NO;PNP PORVENIR;1338,1
01-04-1986;NO;PNP SEN-SIC;767,6
01-04-1986;NO;PNP SEN-SING Antof.;1330,1
01-04-1986;NO;UF;2964,45
01-10-1986;NO;DÓLAR;195,04
01-10-1986;NO;Factor de actualización;8,7037
01-10-1986;NO;PNE AYSEN;5,59
01-10-1986;NO;PNE PARENAS;3,44
01-10-1986;NO;PNE PNATALES;4,51
01-10-1986;NO;PNE PORVENIR;5,5
01-10-1986;NO;PNE SEN-SIC;4,008
01-10-1986;NO;PNE SEN-SING Antof.;9,77
01-10-1986;NO;PNP AYSEN;1518
01-10-1986;NO;PNP PARENAS;956,1
01-10-1986;NO;PNP PNATALES;1405,4
01-10-1986;NO;PNP PORVENIR;1405,4
01-10-1986;NO;PNP SEN-SIC;768,7
01-10-1986;NO;PNP SEN-SING Antof.;1396,6
01-10-1986;NO;UF;3164,87
01-04-1987;NO;DÓLAR;210,05
01-04-1987;NO;Factor de actualización;7,9377
01-04-1987;NO;PNE AYSEN;6,17
01-04-1987;NO;PNE PARENAS;3,64
01-04-1987;NO;PNE PNATALES;5,3
01-04-1987;NO;PNE PORVENIR;5,69
01-04-1987;NO;PNE SEN-SIC;4,55
01-04-1987;NO;PNE SEN-SING Antof.;11,84
01-04-1987;NO;PNP AYSEN;1684,5
01-04-1987;NO;PNP PARENAS;1035,5
01-04-1987;NO;PNP PNATALES;1563,2
01-04-1987;NO;PNP PORVENIR;1563,2
01-04-1987;NO;PNP SEN-SIC;831,4
01-04-1987;NO;PNP SEN-SING Antof.;1549,7
01-04-1987;NO;UF;3470,3
01-10-1987;NO;DÓLAR;225,35
01-10-1987;NO;Factor de actualización;7,2333
01-10-1987;NO;PNE AYSEN;7,51
01-10-1987;NO;PNE PARENAS;4
01-10-1987;NO;PNE PNATALES;6,14
01-10-1987;NO;PNE PORVENIR;6,25
01-10-1987;NO;PNE SEN-SIC;5,489
01-10-1987;NO;PNE SEN-SING Antof.;13,2
01-10-1987;NO;PNP AYSEN;1807,2
01-10-1987;NO;PNP PARENAS;1124,8
01-10-1987;NO;PNP PNATALES;1677
01-10-1987;NO;PNP PORVENIR;1677
01-10-1987;NO;PNP SEN-SIC;911,7
01-10-1987;NO;PNP SEN-SING Antof.;1034,8
01-10-1987;NO;UF;3808,27
01-04-1988;NO;DÓLAR;244,57
01-04-1988;NO;Factor de actualización;6,6883
01-04-1988;NO;PNE AYSEN;10,06
01-04-1988;NO;PNE PARENAS;4,34
01-04-1988;NO;PNE PNATALES;6,53
01-04-1988;NO;PNE PORVENIR;6,59
01-04-1988;NO;PNE SEN-SIC;6,497
01-04-1988;NO;PNE SEN-SING Antof.;12,87
01-04-1988;NO;PNP AYSEN;1903,5
01-04-1988;NO;PNP PARENAS;1221,4
01-04-1988;NO;PNP PNATALES;1832,9
01-04-1988;NO;PNP PORVENIR;1832,9
01-04-1988;NO;PNP SEN-SIC;919,5
01-04-1988;NO;PNP SEN-SING Antof.;1123,7
01-04-1988;NO;UF;4118,59
01-10-1988;NO;DÓLAR;246,39
01-10-1988;NO;Factor de actualización;6,3908
01-10-1988;NO;PNE AYSEN;12,42
01-10-1988;NO;PNE PARENAS;4,51
01-10-1988;NO;PNE PNATALES;6,88
01-10-1988;NO;PNE PORVENIR;6,72
01-10-1988;NO;PNE SEN-SIC;7,216
01-10-1988;NO;PNE SEN-SING Antof.;13,74
01-10-1988;NO;PNP AYSEN;1940,4
01-10-1988;NO;PNP PARENAS;1284,2
01-10-1988;NO;PNP PNATALES;1869,3
01-10-1988;NO;PNP PORVENIR;1869,3
01-10-1988;NO;PNP SEN-SIC;944,8
01-10-1988;NO;PNP SEN-SING Antof.;1181,5
01-10-1988;NO;UF;4310,29
01-04-1989;NO;DÓLAR;252,29
01-04-1989;NO;Factor de actualización;5,9259
01-04-1989;NO;PNE AYSEN;12,77
01-04-1989;NO;PNE PARENAS;4,65
01-04-1989;NO;PNE PNATALES;6,79
01-04-1989;NO;PNE PORVENIR;7,05
01-04-1989;NO;PNE SEN-SIC;8,128
01-04-1989;NO;PNE SEN-SING Antof.;14,65
01-04-1989;NO;PNP AYSEN;1993,4
01-04-1989;NO;PNP PARENAS;1314,9
01-04-1989;NO;PNP PNATALES;1920,6
01-04-1989;NO;PNP PORVENIR;1920,6
01-04-1989;NO;PNP SEN-SIC;976,033
01-04-1989;NO;PNP SEN-SING Antof.;1201,5
01-04-1989;NO;UF;4648,47
01-10-1989;NO;DÓLAR;267,67
01-10-1989;NO;Factor de actualización;5,4077
01-10-1989;NO;PNE AYSEN;16,31
01-10-1989;NO;PNE PARENAS;5,49
01-10-1989;NO;PNE PNATALES;7,6
01-10-1989;NO;PNE PORVENIR;7,53
01-10-1989;NO;PNE SEN-SIC;8,86
01-10-1989;NO;PNE SEN-SING Antof.;17,13
01-10-1989;NO;PNP AYSEN;2133,5
01-10-1989;NO;PNP PARENAS;1527,9
01-10-1989;NO;PNP PNATALES;2055,9
01-10-1989;NO;PNP PORVENIR;2055,9
01-10-1989;NO;PNP SEN-SIC;1197,3
01-10-1989;NO;PNP SEN-SING Antof.;1405,6
01-10-1989;NO;UF;5093,92
01-04-1990;NO;DÓLAR;295,47
01-04-1990;NO;Factor de actualización;4,8115
01-04-1990;NO;PNE AYSEN;20,62
01-04-1990;NO;PNE PARENAS;6,4
01-04-1990;NO;PNE PNATALES;9,2
01-04-1990;NO;PNE PORVENIR;8,58
01-04-1990;NO;PNE SEN-SIC;10,377
01-04-1990;NO;PNE SEN-SING Antof.;20,9
01-04-1990;NO;PNP AYSEN;2392
01-04-1990;NO;PNP PARENAS;1712,2
01-04-1990;NO;PNP PNATALES;2305,5
01-04-1990;NO;PNP PORVENIR;2305,5
01-04-1990;NO;PNP SEN-SIC;1429,9
01-04-1990;NO;PNP SEN-SING Antof.;1575,2
01-04-1990;NO;UF;5725,11
01-10-1990;NO;DÓLAR;323,9
01-10-1990;NO;Factor de actualización;4,3112
01-10-1990;NO;PNE AYSEN;25,85
01-10-1990;NO;PNE PARENAS;7,38
01-10-1990;NO;PNE PNATALES;11,15
01-10-1990;NO;PNE PORVENIR;9,71
01-10-1990;NO;PNE SEN-SIC;9,655
01-10-1990;NO;PNE SEN-SING Antof.;25,45
01-10-1990;NO;PNP AYSEN;2650,2
01-10-1990;NO;PNP PARENAS;1896
01-10-1990;NO;PNP PNATALES;2552
01-10-1990;NO;PNP PORVENIR;2552
01-10-1990;NO;PNP SEN-SIC;1666,5
01-10-1990;NO;PNP SEN-SING Antof.;1744,3
01-10-1990;NO;UF;6389,51
01-04-1991;NO;DÓLAR;356,12
01-04-1991;NO;Factor de actualización;3,8632
01-04-1991;NO;PNE AYSEN;26,84
01-04-1991;NO;PNE PARENAS;8,41
01-04-1991;NO;PNE PNATALES;10,62
01-04-1991;NO;PNE PORVENIR;10,69
01-04-1991;NO;PNE SEN-SIC;10,655
01-04-1991;NO;PNE SEN-SING Antof.;24,64
01-04-1991;NO;PNE SEN-SING Cruc.;22,41
01-04-1991;NO;PNP AYSEN;2982,5
01-04-1991;NO;PNP PARENAS;2130
01-04-1991;NO;PNP PNATALES;2874,6
01-04-1991;NO;PNP PORVENIR;2874,6
01-04-1991;NO;PNP SEN-SIC;1839,7
01-04-1991;NO;PNP SEN-SING Antof.;1959,6
01-04-1991;NO;PNP SEN-SING Cruc.;1959,6
01-04-1991;NO;UF;7130,5
01-10-1991;NO;DÓLAR;376
01-10-1991;NO;Factor de actualización;3,4998
01-10-1991;NO;PNE AYSEN;23,38
01-10-1991;NO;PNE PARENAS;8,658
01-10-1991;NO;PNE PNATALES;9,688
01-10-1991;NO;PNE PORVENIR;10,841
01-10-1991;NO;PNE SEN-SIC;9,828
01-10-1991;NO;PNE SEN-SING Antof.;24,328
01-10-1991;NO;PNE SEN-SING Cruc.;22,526
01-10-1991;NO;PNP AYSEN;3121,9
01-10-1991;NO;PNP PARENAS;2288
01-10-1991;NO;PNP PNATALES;3089,2
01-10-1991;NO;PNP PORVENIR;3089,2
01-10-1991;NO;PNP SEN-SIC;1979,9
01-10-1991;NO;PNP SEN-SING Antof.;2044,7
01-10-1991;NO;PNP SEN-SING Cruc.;2044,7
01-10-1991;NO;UF;7870,82
01-04-1992;NO;DÓLAR;379,03
01-04-1992;NO;Factor de actualización;3,2546
01-04-1992;NO;PNE AYSEN;23,258
01-04-1992;NO;PNE PARENAS;9,715
01-04-1992;NO;PNE PNATALES;9,894
01-04-1992;NO;PNE PORVENIR;11,697
01-04-1992;NO;PNE SEN-SIC;9,908
01-04-1992;NO;PNE SEN-SING Antof.;23,244
01-04-1992;NO;PNE SEN-SING Cruc.;21,522
01-04-1992;NO;PNP AYSEN;3277,9
01-04-1992;NO;PNP PARENAS;2399,3
01-04-1992;NO;PNP PNATALES;3245,5
01-04-1992;NO;PNP PORVENIR;3245,5
01-04-1992;NO;PNP SEN-SIC;1961,1
01-04-1992;NO;PNP SEN-SING Antof.;2352,2
01-04-1992;NO;PNP SEN-SING Cruc.;2352,2
01-04-1992;NO;UF;8463,81
01-10-1992;NO;DÓLAR;385,58
01-10-1992;NO;Factor de actualización;3,0751
01-10-1992;NO;PNE AYSEN;25,116
01-10-1992;NO;PNE PARENAS;10,472
01-10-1992;NO;PNE PNATALES;10,014
01-10-1992;NO;PNE PORVENIR;12,342
01-10-1992;NO;PNE SEN-SIC;11,074
01-10-1992;NO;PNE SEN-SING Antof.;21,608
01-10-1992;NO;PNE SEN-SING Cruc.;19,749
01-10-1992;NO;PNP AYSEN;3058
01-10-1992;NO;PNP PARENAS;2941,6
01-10-1992;NO;PNP PNATALES;2941,6
01-10-1992;NO;PNP PORVENIR;2941,6
01-10-1992;NO;PNP SEN-SIC;1798
01-10-1992;NO;PNP SEN-SING Antof.;2207,2
01-10-1992;NO;PNP SEN-SING Cruc.;2207,2
01-10-1992;NO;UF;8957,88
01-04-1993;NO;DÓLAR;417,6
01-04-1993;NO;Factor de actualización;2,8944
01-04-1993;NO;PNE AYSEN;24,693
01-04-1993;NO;PNE PARENAS;11,956
01-04-1993;NO;PNE PNATALES;11,016
01-04-1993;NO;PNE PORVENIR;12,724
01-04-1993;NO;PNE SEN-SIC;12,71
01-04-1993;NO;PNE SEN-SING Antof.;25,481
01-04-1993;NO;PNE SEN-SING Cruc.;23,29
01-04-1993;NO;PNP AYSEN;3321
01-04-1993;NO;PNP PARENAS;3194,6
01-04-1993;NO;PNP PNATALES;3194,6
01-04-1993;NO;PNP PORVENIR;3194,6
01-04-1993;NO;PNP SEN-SIC;2046,8
01-04-1993;NO;PNP SEN-SING Antof.;2468
01-04-1993;NO;PNP SEN-SING Cruc.;2468
01-04-1993;NO;UF;9516,99
01-10-1993;NO;DÓLAR;432,85
01-10-1993;NO;Factor de actualización;2,7111
01-10-1993;NO;PNE AYSEN;23,192
01-10-1993;NO;PNE PARENAS;15,773
01-10-1993;NO;PNE PNATALES;11,722
01-10-1993;NO;PNE PORVENIR;13,137
01-10-1993;NO;PNE SEN-SIC;13,414
01-10-1993;NO;PNE SEN-SING Antof.;24,849
01-10-1993;NO;PNE SEN-SING Cruc.;22,712
01-10-1993;NO;PNP AYSEN;3505
01-10-1993;NO;PNP PARENAS;3374,1
01-10-1993;NO;PNP PNATALES;3374,1
01-10-1993;NO;PNP PORVENIR;3374,1
01-10-1993;NO;PNP SEN-SIC;2489,3
01-10-1993;NO;PNP SEN-SING Antof.;2606,2
01-10-1993;NO;PNP SEN-SING Cruc.;2606,2
01-10-1993;NO;UF;10160,4
01-04-1994;NO;DÓLAR;455,21
01-04-1994;NO;Factor de actualización;2,556
01-04-1994;NO;PNE AYSEN;24,9
01-04-1994;NO;PNE PARENAS;16,583
01-04-1994;NO;PNE PNATALES;12,596
01-04-1994;NO;PNE PORVENIR;14,189
01-04-1994;NO;PNE SEN-SIC;14,112
01-04-1994;NO;PNE SEN-SING Antof.;26,396
01-04-1994;NO;PNE SEN-SING Cruc.;24,126
01-04-1994;NO;PNP AYSEN;3745,8
01-04-1994;NO;PNP PARENAS;3608,1
01-04-1994;NO;PNP PNATALES;3608,1
01-04-1994;NO;PNP PORVENIR;3608,1
01-04-1994;NO;PNP SEN-SIC;2655,7
01-04-1994;NO;PNP SEN-SING Antof.;2780,9
01-04-1994;NO;PNP SEN-SING Cruc.;2780,9
01-04-1994;NO;UF;10776,89
01-10-1994;NO;DÓLAR;414,87
01-10-1994;NO;Factor de actualización;2,433
01-10-1994;NO;PNE AYSEN;23,544
01-10-1994;NO;PNE PARENAS;17,233
01-10-1994;NO;PNE PNATALES;13,252
01-10-1994;NO;PNE PORVENIR;13,989
01-10-1994;NO;PNE SEN-SIC;15,309
01-10-1994;NO;PNE SEN-SING Antof.;25,228
01-10-1994;NO;PNE SEN-SING Cruc.;23,058
01-10-1994;NO;PNP AYSEN;3529,6
01-10-1994;NO;PNP PARENAS;3529,6
01-10-1994;NO;PNP PNATALES;3529,6
01-10-1994;NO;PNP PORVENIR;3529,6
01-10-1994;NO;PNP SEN-SIC;2510,7
01-10-1994;NO;PNP SEN-SING Antof.;2723,6
01-10-1994;NO;PNP SEN-SING Cruc.;2723,6
01-10-1994;NO;UF;11321,8
01-04-1995;NO;DÓLAR;410,46
01-04-1995;NO;Factor de actualización;2,3546
01-04-1995;NO;PNE AYSEN;23,388
01-04-1995;NO;PNE PARENAS;17,197
01-04-1995;NO;PNE PNATALES;13,323
01-04-1995;NO;PNE PORVENIR;13,899
01-04-1995;NO;PNE SEN-SIC;15,556
01-04-1995;NO;PNE SEN-SING Antof.;21,272
01-04-1995;NO;PNE SEN-SING Cruc.;19,442
01-04-1995;NO;PNP AYSEN;3690,5
01-04-1995;NO;PNP PARENAS;3600,8
01-04-1995;NO;PNP PNATALES;3600,8
01-04-1995;NO;PNP PORVENIR;3600,8
01-04-1995;NO;PNP SEN-SIC;2565,9
01-04-1995;NO;PNP SEN-SING Antof.;2900,9
01-04-1995;NO;PNP SEN-SING Cruc.;2900,9
01-04-1995;NO;UF;11698,75
01-10-1995;NO;DÓLAR;394,56
01-10-1995;NO;Factor de actualización;2,25
01-10-1995;NO;PNE AYSEN;24,546
01-10-1995;NO;PNE PARENAS;16,913
01-10-1995;NO;PNE PNATALES;13,532
01-10-1995;NO;PNE PORVENIR;13,704
01-10-1995;NO;PNE SEN-SIC;14,528
01-10-1995;NO;PNE SEN-SING Antof.;18,239
01-10-1995;NO;PNE SEN-SING Cruc.;16,671
01-10-1995;NO;PNP AYSEN;3650,8
01-10-1995;NO;PNP PARENAS;3562,9
01-10-1995;NO;PNP PNATALES;3562,9
01-10-1995;NO;PNP PORVENIR;3562,9
01-10-1995;NO;PNP SEN-SIC;2526,6
01-10-1995;NO;PNP SEN-SING Antof.;3124,8
01-10-1995;NO;PNP SEN-SING Cruc.;3124,8
01-10-1995;NO;UF;12242,71
01-04-1996;NO;DÓLAR;411,55
01-04-1996;NO;Factor de actualización;2,1852
01-04-1996;NO;PNE AYSEN;26,714
01-04-1996;NO;PNE PARENAS;19,219
01-04-1996;NO;PNE PNATALES;15,203
01-04-1996;NO;PNE PORVENIR;15,52
01-04-1996;NO;PNE SEN-SIC;14,762
01-04-1996;NO;PNE SEN-SING Antof.;19,812
01-04-1996;NO;PNE SEN-SING Cruc.;18,108
01-04-1996;NO;PNP AYSEN;3910,1
01-04-1996;NO;PNP PARENAS;3815,1
01-04-1996;NO;PNP PNATALES;3815,1
01-04-1996;NO;PNP PORVENIR;3815,1
01-04-1996;NO;PNP SEN-SIC;2687,65
01-04-1996;NO;PNP SEN-SING Antof.;2917,1645
01-04-1996;NO;PNP SEN-SING Cruc.;2917,1645
01-04-1996;NO;UF;12606
01-10-1996;NO;DÓLAR;411,84
01-10-1996;NO;Factor de actualización;2,1076
01-10-1996;NO;PNE AYSEN;28,491
01-10-1996;NO;PNE PARENAS;19,249
01-10-1996;NO;PNE PNATALES;17,602
01-10-1996;NO;PNE PORVENIR;17,713
01-10-1996;NO;PNE SEN-SIC;12,895
01-10-1996;NO;PNE SEN-SING Antof.;19,7222
01-10-1996;NO;PNE SEN-SING Cruc.;18,026
01-10-1996;NO;PNP AYSEN;3999,8
01-10-1996;NO;PNP PARENAS;3904,2
01-10-1996;NO;PNP PNATALES;3904,2
01-10-1996;NO;PNP PORVENIR;3904,2
01-10-1996;NO;PNP SEN-SIC;2888,6156
01-10-1996;NO;PNP SEN-SING Antof.;2972,1
01-10-1996;NO;PNP SEN-SING Cruc.;2972,1
01-10-1996;NO;UF;13069,71
01-04-1997;NO;DÓLAR;414,05
01-04-1997;NO;Factor de actualización;2,0417
01-04-1997;NO;PNE AYSEN;27,054
01-04-1997;NO;PNE PARENAS;20,181
01-04-1997;NO;PNE PNATALES;18,723
01-04-1997;NO;PNE PORVENIR;18,935
01-04-1997;NO;PNE SEN-SIC;13,697
01-04-1997;NO;PNE SEN-SING Antof.;18,465
01-04-1997;NO;PNE SEN-SING Cruc.;16,877
01-04-1997;NO;PNP AYSEN;4089,6
01-04-1997;NO;PNP PARENAS;3992,6
01-04-1997;NO;PNP PNATALES;3992,6
01-04-1997;NO;PNP PORVENIR;3992,6
01-04-1997;NO;PNP SEN-SIC;2790,16
01-04-1997;NO;PNP SEN-SING Antof.;3026,3
01-04-1997;NO;PNP SEN-SING Cruc.;3026,3
01-04-1997;NO;UF;13491,84
01-10-1997;NO;DÓLAR;414,9
01-10-1997;NO;Factor de actualización;1,9991
01-10-1997;NO;PNE AYSEN;27,043
01-10-1997;NO;PNE PARENAS;21,849
01-10-1997;NO;PNE PNATALES;19,654
01-10-1997;NO;PNE PORVENIR;19,504
01-10-1997;NO;PNE SEN-SIC;11,311
01-10-1997;NO;PNE SEN-SING Antof.;16,668
01-10-1997;NO;PNE SEN-SING Cruc.;15,068
01-10-1997;NO;PNP AYSEN;4091,7
01-10-1997;NO;PNP PARENAS;3995,2
01-10-1997;NO;PNP PNATALES;3995,2
01-10-1997;NO;PNP PORVENIR;4875,2
01-10-1997;NO;PNP SEN-SIC;3111,75
01-10-1997;NO;PNP SEN-SING Antof.;3286,4
01-10-1997;NO;PNP SEN-SING Cruc.;3286,4
01-10-1997;NO;UF;13779,22
01-04-1998;NO;DÓLAR;452,53
01-04-1998;NO;Factor de actualización;1,9394
01-04-1998;NO;PNE AYSEN;27,143
01-04-1998;NO;PNE PARENAS;23,138
01-04-1998;NO;PNE PNATALES;20,458
01-04-1998;NO;PNE PORVENIR;20,18
01-04-1998;NO;PNE SEN-SIC;10,437
01-04-1998;NO;PNE SEN-SING Antof.;15,437
01-04-1998;NO;PNE SEN-SING Cruc.;13,955
01-04-1998;NO;PNP AYSEN;4341,7
01-04-1998;NO;PNP PARENAS;4239,2
01-04-1998;NO;PNP PNATALES;4239,2
01-04-1998;NO;PNP PORVENIR;5175,8
01-04-1998;NO;PNP SEN-SIC;3328,96
01-04-1998;NO;PNP SEN-SING Antof.;4236,5
01-04-1998;NO;PNP SEN-SING Cruc.;4236,5
01-04-1998;NO;UF;14203,84
01-10-1998;NO;DÓLAR;470,5
01-10-1998;NO;Factor de actualización;1,9033
01-10-1998;NO;PNE AYSEN;28,564
01-10-1998;NO;PNE PARENAS;24,73
01-10-1998;NO;PNE PNATALES;21,396
01-10-1998;NO;PNE PORVENIR;20,849
01-10-1998;NO;PNE SEN-SIC;9,987
01-10-1998;NO;PNE SEN-SING Antof.;13,069
01-10-1998;NO;PNE SEN-SING Cruc.;11,814
01-10-1998;NO;PNP AYSEN;4453,3
01-10-1998;NO;PNP PARENAS;4348,21
01-10-1998;NO;PNP PNATALES;4348,21
01-10-1998;NO;PNP PORVENIR;5307,75
01-10-1998;NO;PNP SEN-SIC;3288,29
01-10-1998;NO;PNP SEN-SING Antof.;5311,2
01-10-1998;NO;PNP SEN-SING Cruc.;5311,2
01-10-1998;NO;UF;14473,07
01-04-1999;NO;DÓLAR;492,48
01-04-1999;NO;Factor de actualización;1,8702
01-04-1999;NO;PNE AYSEN;28,452
01-04-1999;NO;PNE PARENAS;25,763
01-04-1999;NO;PNE PNATALES;22,754
01-04-1999;NO;PNE PORVENIR;21,803
01-04-1999;NO;PNE SEN-SIC;10,633
01-04-1999;NO;PNE SEN-SING Antof.;11,659
01-04-1999;NO;PNE SEN-SING Cruc.;10,54
01-04-1999;NO;PNP AYSEN;4567,16
01-04-1999;NO;PNP PARENAS;4479,83
01-04-1999;NO;PNP PNATALES;4479,83
01-04-1999;NO;PNP PORVENIR;5466,34
01-04-1999;NO;PNP SEN-SIC;2753,53
01-04-1999;NO;PNP SEN-SING Antof.;5391,2
01-04-1999;NO;PNP SEN-SING Cruc.;5391,2
01-04-1999;NO;UF;14729,25
01-10-1999;NO;DÓLAR;524,55
01-10-1999;NO;Factor de actualización;1,843
01-10-1999;NO;PNE AYSEN;30,347
01-10-1999;NO;PNE PARENAS;27,533
01-10-1999;NO;PNE PNATALES;25,105
01-10-1999;NO;PNE PORVENIR;23,604
01-10-1999;NO;PNE SEN-SIC;10,907
01-10-1999;NO;PNE SEN-SING Antof.;10,947
01-10-1999;NO;PNE SEN-SING Cruc.;9,896
01-10-1999;NO;PNP AYSEN;4793,4
01-10-1999;NO;PNP PARENAS;4701,07
01-10-1999;NO;PNP PNATALES;4701,07
01-10-1999;NO;PNP PORVENIR;5744,71
01-10-1999;NO;PNP SEN-SIC;2747,62
01-10-1999;NO;PNP SEN-SING Antof.;5228,3
01-10-1999;NO;PNP SEN-SING Cruc.;5228,3
01-10-1999;NO;UF;14946,8
01-04-2000;NO;DÓLAR;504,38
01-04-2000;NO;Factor de actualización;1,8104
01-04-2000;NO;PNE AYSEN;31,733
01-04-2000;NO;PNE PARENAS;25,966
01-04-2000;NO;PNE PNATALES;24,471
01-04-2000;NO;PNE PORVENIR;23,303
01-04-2000;NO;PNE SEN-SIC;11,803
01-04-2000;NO;PNE SEN-SING Antof.;10,77
01-04-2000;NO;PNE SEN-SING Cruc.;9,736
01-04-2000;NO;PNP AYSEN;4832,11
01-04-2000;NO;PNP PARENAS;4759,78
01-04-2000;NO;PNP PNATALES;4759,78
01-04-2000;NO;PNP PORVENIR;5812,58
01-04-2000;NO;PNP SEN-SIC;2691,37
01-04-2000;NO;PNP SEN-SING Antof.;5645,4
01-04-2000;NO;PNP SEN-SING Cruc.;5645,4
01-04-2000;NO;UF;15215,63
01-10-2000;SI;DÓLAR;565,9
01-10-2000;NO;DÓLAR;565,9
01-10-2000;SI;Factor de actualización;1,7733
01-10-2000;NO;Factor de actualización;1,7733
01-10-2000;SI;PNE AYSEN;36,068
01-10-2000;NO;PNE AYSEN;39,864
01-10-2000;SI;PNE PARENAS;25,966
01-10-2000;NO;PNE PARENAS;28,167
01-10-2000;SI;PNE PNATALES;27,08
01-10-2000;NO;PNE PNATALES;29,158
01-10-2000;SI;PNE PORVENIR;23,303
01-10-2000;NO;PNE PORVENIR;27,223
01-10-2000;SI;PNE SEN-SIC;12,994
01-10-2000;NO;PNE SEN-SIC;14,85
01-10-2000;SI;PNE SEN-SING Antof.;10,77
01-10-2000;NO;PNE SEN-SING Antof.;13,658
01-10-2000;SI;PNE SEN-SING Cruc.;9,736
01-10-2000;NO;PNE SEN-SING Cruc.;12,347
01-10-2000;SI;PNP AYSEN;5080
01-10-2000;NO;PNP AYSEN;5218,73
01-10-2000;SI;PNP PARENAS;4759,78
01-10-2000;NO;PNP PARENAS;5139,5
01-10-2000;SI;PNP PNATALES;5003,96
01-10-2000;NO;PNP PNATALES;5139,5
01-10-2000;SI;PNP PORVENIR;5812,58
01-10-2000;NO;PNP PORVENIR;6293,26
01-10-2000;SI;PNP SEN-SIC;2868,19
01-10-2000;NO;PNP SEN-SIC;2731,85
01-10-2000;SI;PNP SEN-SING Antof.;5645,4
01-10-2000;NO;PNP SEN-SING Antof.;4705,6
01-10-2000;SI;PNP SEN-SING Cruc.;5645,4
01-10-2000;NO;PNP SEN-SING Cruc.;4705,6
01-10-2000;SI;UF;15533,75
01-10-2000;NO;UF;15533,75
01-04-2001;NO;DÓLAR;587,79
01-04-2001;NO;Factor de actualización;1,7418
01-04-2001;NO;PNE AYSEN;41,372
01-04-2001;NO;PNE PARENAS;27,914
01-04-2001;NO;PNE PNATALES;28,945
01-04-2001;NO;PNE PORVENIR;26,951
01-04-2001;NO;PNE SEN-SIC;15,584
01-04-2001;NO;PNE SEN-SING Antof.;15,159
01-04-2001;NO;PNE SEN-SING Cruc.;13,704
01-04-2001;NO;PNP AYSEN;5409,14
01-04-2001;NO;PNP PARENAS;5351,42
01-04-2001;NO;PNP PNATALES;5351,42
01-04-2001;NO;PNP PORVENIR;6556,03
01-04-2001;NO;PNP SEN-SIC;3052,39
01-04-2001;NO;PNP SEN-SING Antof.;4670,3
01-04-2001;NO;PNP SEN-SING Cruc.;4670,3
01-04-2001;NO;UF;15814,6
01-09-2001;SI;DÓLAR;673,7
01-09-2001;SI;Factor de actualización;1,7201
01-09-2001;SI;PNE AYSEN;45,546
01-09-2001;SI;PNE PARENAS;27,914
01-09-2001;SI;PNE PNATALES;33,747
01-09-2001;SI;PNE PORVENIR;29,856
01-09-2001;SI;PNE SEN-SIC;17,152
01-09-2001;SI;PNE SEN-SING Antof.;16,682
01-09-2001;SI;PNE SEN-SING Cruc.;15,081
01-09-2001;SI;PNP AYSEN;5666,07
01-09-2001;SI;PNP PARENAS;5351,42
01-09-2001;SI;PNP PNATALES;5698,19
01-09-2001;SI;PNP PORVENIR;6980,86
01-09-2001;SI;PNP SEN-SIC;3287,12
01-09-2001;SI;PNP SEN-SING Antof.;5054,2
01-09-2001;SI;PNP SEN-SING Cruc.;5054,2
01-09-2001;SI;UF;16014,75
01-10-2001;NO;DÓLAR;681,24
01-10-2001;NO;Factor de actualización;1,7124
01-10-2001;NO;PNE AYSEN;41,9217
01-10-2001;NO;PNE PARENAS;30,617
01-10-2001;NO;PNE PNATALES;46,337
01-10-2001;NO;PNE PORVENIR;30,956
01-10-2001;NO;PNE SEN-SIC;17,182
01-10-2001;NO;PNE SEN-SING Antof.;17,559
01-10-2001;NO;PNE SEN-SING Cruc.;15,873
01-10-2001;NO;PNP AYSEN;5919,36
01-10-2001;NO;PNP PARENAS;5855,12
01-10-2001;NO;PNP PNATALES;5855,12
01-10-2001;NO;PNP PORVENIR;7195,8
01-10-2001;NO;PNP SEN-SIC;3611,93
01-10-2001;NO;PNP SEN-SING Antof.;5440,7
01-10-2001;NO;PNP SEN-SING Cruc.;5440,7
01-10-2001;NO;UF;16086,42
01-12-2001;SI;DÓLAR;689,4
01-12-2001;SI;Factor de actualización;1,6943
01-12-2001;SI;PNE AYSEN;37,084
01-12-2001;SI;PNE PARENAS;30,617
01-12-2001;SI;PNE PNATALES;46,337
01-12-2001;SI;PNE PORVENIR;30,956
01-12-2001;SI;PNE SEN-SIC;17,182
01-12-2001;SI;PNE SEN-SING Antof.;17,559
01-12-2001;SI;PNE SEN-SING Cruc.;15,873
01-12-2001;SI;PNP AYSEN;6088,65
01-12-2001;SI;PNP PARENAS;5855,12
01-12-2001;SI;PNP PNATALES;5855,12
01-12-2001;SI;PNP PORVENIR;7195,8
01-12-2001;SI;PNP SEN-SIC;3611,93
01-12-2001;SI;PNP SEN-SING Antof.;5440,7
01-12-2001;SI;PNP SEN-SING Cruc.;5440,7
01-12-2001;SI;UF;16257,78
01-04-2002;NO;DÓLAR;663,26
01-04-2002;NO;Factor de actualización;1,7006
01-04-2002;NO;PNE AYSEN;40,559
01-04-2002;NO;PNE PARENAS;30,657
01-04-2002;NO;PNE PNATALES;31,38
01-04-2002;NO;PNE PORVENIR;33,076
01-04-2002;NO;PNE SEN-SIC;15,599
01-04-2002;NO;PNE SEN-SING Antof.;16,847
01-04-2002;NO;PNE SEN-SING Cruc.;17,828
01-04-2002;NO;PNP AYSEN;5839,27
01-04-2002;NO;PNP PARENAS;5803,19
01-04-2002;NO;PNP PNATALES;5803,19
01-04-2002;NO;PNP PORVENIR;7119,96
01-04-2002;NO;PNP SEN-SIC;3650
01-04-2002;NO;PNP SEN-SING Antof.;5621,68
01-04-2002;NO;PNP SEN-SING Cruc.;5902,23
01-04-2002;NO;UF;16197,66
01-10-2002;SI;DÓLAR;726,98
01-10-2002;NO;DÓLAR;726,98
01-10-2002;SI;Factor de actualización;1,674
01-10-2002;NO;Factor de actualización;1,674
01-10-2002;SI;PNE AYSEN;44,866
01-10-2002;NO;PNE AYSEN;44,409
01-10-2002;SI;PNE PARENAS;30,657
01-10-2002;NO;PNE PARENAS;27,262
01-10-2002;SI;PNE PNATALES;31,38
01-10-2002;NO;PNE PNATALES;34,204
01-10-2002;SI;PNE PORVENIR;33,076
01-10-2002;NO;PNE PORVENIR;40,31
01-10-2002;SI;PNE SEN-SIC;15,599
01-10-2002;NO;PNE SEN-SIC;16,075
01-10-2002;SI;PNE SEN-SING Antof.;16,847
01-10-2002;NO;PNE SEN-SING Antof.;15,608
01-10-2002;SI;PNE SEN-SING Cruc.;17,828
01-10-2002;NO;PNE SEN-SING Cruc.;16,677
01-10-2002;SI;PNP AYSEN;6083,94
01-10-2002;NO;PNP AYSEN;6236,25
01-10-2002;SI;PNP PARENAS;5803,19
01-10-2002;NO;PNP PARENAS;6197,21
01-10-2002;SI;PNP PNATALES;5803,19
01-10-2002;NO;PNP PNATALES;6197,21
01-10-2002;SI;PNP PORVENIR;7119,96
01-10-2002;NO;PNP PORVENIR;7621,73
01-10-2002;SI;PNP SEN-SIC;3650
01-10-2002;NO;PNP SEN-SIC;3918,28
01-10-2002;SI;PNP SEN-SING Antof.;5621,68
01-10-2002;NO;PNP SEN-SING Antof.;5426,15
01-10-2002;SI;PNP SEN-SING Cruc.;5902,23
01-10-2002;NO;PNP SEN-SING Cruc.;5780,69
01-10-2002;SI;UF;16455,03
01-10-2002;NO;UF;16455,03
01-02-2003;SI;DÓLAR;722,48
01-02-2003;SI;Factor de actualización;1,6503
01-02-2003;SI;PNE AYSEN;49,281
01-02-2003;SI;PNE PARENAS;27,262
01-02-2003;SI;PNE PNATALES;34,204
01-02-2003;SI;PNE PORVENIR;40,31
01-02-2003;SI;PNE SEN-SIC;16,075
01-02-2003;SI;PNE SEN-SING Antof.;15,608
01-02-2003;SI;PNE SEN-SING Cruc.;16,677
01-02-2003;SI;PNP AYSEN;6311,71
01-02-2003;SI;PNP PARENAS;6197,21
01-02-2003;SI;PNP PNATALES;6197,21
01-02-2003;SI;PNP PORVENIR;7621,73
01-02-2003;SI;PNP SEN-SIC;3918,28
01-02-2003;SI;PNP SEN-SING Antof.;5426,15
01-02-2003;SI;PNP SEN-SING Cruc.;5780,69
01-02-2003;SI;UF;16691,7
01-04-2003;NO;DÓLAR;743,28
01-04-2003;NO;Factor de actualización;1,6413
01-04-2003;NO;PNE AYSEN;36,758
01-04-2003;NO;PNE PARENAS;28,06
01-04-2003;NO;PNE PNATALES;35,959
01-04-2003;NO;PNE PORVENIR;46,727
01-04-2003;NO;PNE SEN-SIC;16,802
01-04-2003;NO;PNE SEN-SING Antof.;15,862
01-04-2003;NO;PNE SEN-SING Cruc.;17,245
01-04-2003;NO;PNP AYSEN;6440,37
01-04-2003;NO;PNP PARENAS;6430,34
01-04-2003;NO;PNP PNATALES;6430,34
01-04-2003;NO;PNP PORVENIR;7912,36
01-04-2003;NO;PNP SEN-SIC;3787,12
01-04-2003;NO;PNP SEN-SING Antof.;5276,67
01-04-2003;NO;PNP SEN-SING Cruc.;5589,26
01-04-2003;NO;UF;16783,6
01-10-2003;NO;DÓLAR;675,44
01-10-2003;NO;Factor de actualización;1,6255
01-10-2003;NO;PNE AYSEN;32,76
01-10-2003;NO;PNE PARENAS;25,188
01-10-2003;NO;PNE PNATALES;39,244
01-10-2003;NO;PNE PORVENIR;29,28
01-10-2003;NO;PNE SEN-SIC;16,746
01-10-2003;NO;PNE SEN-SING Antof.;16,351
01-10-2003;NO;PNE SEN-SING Cruc.;17,107
01-10-2003;NO;PNP AYSEN;6168,93
01-10-2003;NO;PNP PARENAS;6159,47
01-10-2003;NO;PNP PNATALES;6159,47
01-10-2003;NO;PNP PORVENIR;7560,27
01-10-2003;NO;PNP SEN-SIC;3572
01-10-2003;NO;PNP SEN-SING Antof.;4678,51
01-10-2003;NO;PNP SEN-SING Cruc.;4915,38
01-10-2003;NO;UF;16946,03
01-01-2004;SI;DÓLAR;602,9
01-01-2004;SI;Factor de actualización;1,628
01-01-2004;SI;PNE AYSEN;32,76
01-01-2004;SI;PNE PARENAS;25,188
01-01-2004;SI;PNE PNATALES;39,244
01-01-2004;SI;PNE PORVENIR;29,28
01-01-2004;SI;PNE SEN-SIC;16,746
01-01-2004;SI;PNE SEN-SING Antof.;14,695
01-01-2004;SI;PNE SEN-SING Cruc.;15,374
01-01-2004;SI;PNP AYSEN;6168,93
01-01-2004;SI;PNP PARENAS;6159,47
01-01-2004;SI;PNP PNATALES;6159,47
01-01-2004;SI;PNP PORVENIR;7560,27
01-01-2004;SI;PNP SEN-SIC;3572
01-01-2004;SI;PNP SEN-SING Antof.;4307,5
01-01-2004;SI;PNP SEN-SING Cruc.;4525,59
01-01-2004;SI;UF;16920
01-04-2004;NO;DÓLAR;603,91
01-04-2004;NO;Factor de actualización;1,6376
01-04-2004;NO;PNE AYSEN;30,08
01-04-2004;NO;PNE PARENAS;22,435
01-04-2004;NO;PNE PNATALES;33,025
01-04-2004;NO;PNE PORVENIR;29,354
01-04-2004;NO;PNE SEN-SIC;18,9336
01-04-2004;NO;PNE SEN-SING Antof.;16,927
01-04-2004;NO;PNE SEN-SING Cruc.;17,914
01-04-2004;NO;PNP AYSEN;5803
01-04-2004;NO;PNP PARENAS;5794,27
01-04-2004;NO;PNP PNATALES;5794,27
01-04-2004;NO;PNP PORVENIR;7083,38
01-04-2004;NO;PNP SEN-SIC;3377,67
01-04-2004;NO;PNP SEN-SING Antof.;3428,89
01-04-2004;NO;PNP SEN-SING Cruc.;3637,22
01-04-2004;NO;UF;16820,82
01-09-2004;SI;DÓLAR;635,93
01-09-2004;SI;Factor de actualización;1,6078
01-09-2004;SI;PNE AYSEN;30,08
01-09-2004;SI;PNE PARENAS;22,435
01-09-2004;SI;PNE PNATALES;33,025
01-09-2004;SI;PNE PORVENIR;29,354
01-09-2004;SI;PNE SEN-SIC;20,276
01-09-2004;SI;PNE SEN-SING Antof.;16,927
01-09-2004;SI;PNE SEN-SING Cruc.;17,914
01-09-2004;SI;PNP AYSEN;5803
01-09-2004;SI;PNP PARENAS;5794,27
01-09-2004;SI;PNP PNATALES;5794,27
01-09-2004;SI;PNP PORVENIR;7083,38
01-09-2004;SI;PNP SEN-SIC;3788,39
01-09-2004;SI;PNP SEN-SING Antof.;3428,89
01-09-2004;SI;PNP SEN-SING Cruc.;3637,22
01-09-2004;SI;UF;17132,87
01-10-2004;NO;DÓLAR;616,55
01-10-2004;NO;Factor de actualización;1,6024
01-10-2004;NO;PNE AYSEN;34,737
01-10-2004;NO;PNE PARENAS;25,038
01-10-2004;NO;PNE PNATALES;37,593
01-10-2004;NO;PNE PORVENIR;33,271
01-10-2004;NO;PNE SEN-SIC;19,135
01-10-2004;NO;PNE SEN-SING Antof.;19,913
01-10-2004;NO;PNE SEN-SING Cruc.;20,61
01-10-2004;NO;PNP AYSEN;6066
01-10-2004;NO;PNP PARENAS;6056,8
01-10-2004;NO;PNP PNATALES;6056,8
01-10-2004;NO;PNP PORVENIR;7417,96
01-10-2004;NO;PNP SEN-SIC;3816,62
01-10-2004;NO;PNP SEN-SING Antof.;3571,54
01-10-2004;NO;PNP SEN-SING Cruc.;3713,71
01-10-2004;NO;UF;17190,78
01-04-2005;NO;DÓLAR;586,48
01-04-2005;NO;Factor de actualización;1,6016
01-04-2005;NO;PNE AYSEN;41,217
01-04-2005;NO;PNE PARENAS;24,546
01-04-2005;NO;PNE PNATALES;41,79
01-04-2005;NO;PNE PORVENIR;32,841
01-04-2005;NO;PNE SEN-SIC;19,453
01-04-2005;NO;PNE SEN-SING Antof.;17,71
01-04-2005;NO;PNE SEN-SING Cruc.;18,284
01-04-2005;NO;PNP AYSEN;5975,23
01-04-2005;NO;PNP PARENAS;5966,26
01-04-2005;NO;PNP PNATALES;5966,26
01-04-2005;NO;PNP PORVENIR;7293,82
01-04-2005;NO;PNP SEN-SIC;3820,86
01-04-2005;NO;PNP SEN-SING Antof.;3666,74
01-04-2005;NO;PNP SEN-SING Cruc.;3696,46
01-04-2005;NO;UF;17198,78
01-06-2005;NO;DÓLAR;578,31
01-06-2005;NO;Factor de actualización;1,5825
01-06-2005;NO;PNE AYSEN;41,217
01-06-2005;NO;PNE PARENAS;24,546
01-06-2005;NO;PNE PNATALES;41,79
01-06-2005;NO;PNE PORVENIR;32,841
01-06-2005;NO;PNE SEN-SIC;25,338
01-06-2005;NO;PNE SEN-SING Antof.;19,147
01-06-2005;NO;PNE SEN-SING Cruc.;19,768
01-06-2005;NO;PNP AYSEN;5975,23
01-06-2005;NO;PNP PARENAS;5966,26
01-06-2005;NO;PNP PNATALES;5966,26
01-06-2005;NO;PNP PORVENIR;7293,82
01-06-2005;NO;PNP SEN-SIC;3820,86
01-06-2005;NO;PNP SEN-SING Antof.;3666,74
01-06-2005;NO;PNP SEN-SING Cruc.;3696,46
01-06-2005;NO;UF;17407,28
01-10-2005;NO;DÓLAR;536,7
01-10-2005;NO;Factor de actualización;1,5547
01-10-2005;NO;PNE AYSEN;45,874
01-10-2005;NO;PNE PARENAS;25,325
01-10-2005;NO;PNE PNATALES;42,435
01-10-2005;NO;PNE PORVENIR;33,672
01-10-2005;NO;PNE SEN-SIC;27,106
01-10-2005;NO;PNE SEN-SING Antof.;19,469
01-10-2005;NO;PNE SEN-SING Cruc.;19,872
01-10-2005;NO;PNP AYSEN;5893,07
01-10-2005;NO;PNP PARENAS;5884,43
01-10-2005;NO;PNP PNATALES;5884,43
01-10-2005;NO;PNP PORVENIR;7176,81
01-10-2005;NO;PNP SEN-SIC;3635,89
01-10-2005;NO;PNP SEN-SING Antof.;3299,02
01-10-2005;NO;PNP SEN-SING Cruc.;3594,48
01-10-2005;NO;UF;17717,56
01-12-2005;SI;DÓLAR;529,88
01-12-2005;SI;Factor de actualización;1,5326
01-12-2005;SI;PNE AYSEN;41,259
01-12-2005;SI;PNE PARENAS;25,325
01-12-2005;SI;PNE PNATALES;42,435
01-12-2005;SI;PNE PORVENIR;33,672
01-12-2005;SI;PNE SEN-SIC;24,363
01-12-2005;SI;PNE SEN-SING Antof.;19,469
01-12-2005;SI;PNE SEN-SING Cruc.;19,872
01-12-2005;SI;PNP AYSEN;5846,46
01-12-2005;SI;PNP PARENAS;5884,43
01-12-2005;SI;PNP PNATALES;5884,43
01-12-2005;SI;PNP PORVENIR;7176,81
01-12-2005;SI;PNP SEN-SIC;3528,38
01-12-2005;SI;PNP SEN-SING Antof.;3299,02
01-12-2005;SI;PNP SEN-SING Cruc.;3594,48
01-12-2005;SI;UF;17973,46
01-04-2006;NO;DÓLAR;528,77
01-04-2006;NO;Factor de actualización;1,5375
01-04-2006;NO;PNE AYSEN;49,662
01-04-2006;NO;PNE PARENAS;25,329
01-04-2006;NO;PNE PNATALES;44,443
01-04-2006;NO;PNE PORVENIR;35,078
01-04-2006;NO;PNE SEN-SIC;25,996
01-04-2006;NO;PNE SEN-SING Antof.;21,456
01-04-2006;NO;PNE SEN-SING Cruc.;22,303
01-04-2006;NO;PNP AYSEN;5889,81
01-04-2006;NO;PNP PARENAS;5881,19
01-04-2006;NO;PNP PNATALES;5881,19
01-04-2006;NO;PNP PORVENIR;7162,03
01-04-2006;NO;PNP SEN-SIC;4215,33
01-04-2006;NO;PNP SEN-SING Antof.;3468,52
01-04-2006;NO;PNP SEN-SING Cruc.;3662,67
01-04-2006;NO;UF;17915,66
01-06-2006;SI;DÓLAR;520,79
01-06-2006;SI;Factor de actualización;1,5223
01-06-2006;SI;PNE AYSEN;49,662
01-06-2006;SI;PNE PARENAS;25,329
01-06-2006;SI;PNE PNATALES;44,443
01-06-2006;SI;PNE PORVENIR;35,078
01-06-2006;SI;PNE SEN-SIC;25,996
01-06-2006;SI;PNE SEN-SING Antof.;23,645
01-06-2006;SI;PNE SEN-SING Cruc.;24,578
01-06-2006;SI;PNP AYSEN;5889,81
01-06-2006;SI;PNP PARENAS;5881,19
01-06-2006;SI;PNP PNATALES;5881,19
01-06-2006;SI;PNP PORVENIR;7162,03
01-06-2006;SI;PNP SEN-SIC;4215,33
01-06-2006;SI;PNP SEN-SING Antof.;3477,82
01-06-2006;SI;PNP SEN-SING Cruc.;3672,49
01-06-2006;SI;UF;18094,57
01-08-2006;SI;DÓLAR;540,62
01-08-2006;SI;Factor de actualización;1,5102
01-08-2006;SI;PNE AYSEN;54,877
01-08-2006;SI;PNE PARENAS;25,329
01-08-2006;SI;PNE PNATALES;44,443
01-08-2006;SI;PNE PORVENIR;35,078
01-08-2006;SI;PNE SEN-SIC;25,996
01-08-2006;SI;PNE SEN-SING Antof.;23,645
01-08-2006;SI;PNE SEN-SING Cruc.;24,578
01-08-2006;SI;PNP AYSEN;6094,99
01-08-2006;SI;PNP PARENAS;5881,19
01-08-2006;SI;PNP PNATALES;5881,19
01-08-2006;SI;PNP PORVENIR;7162,03
01-08-2006;SI;PNP SEN-SIC;4215,33
01-08-2006;SI;PNP SEN-SING Antof.;3477,82
01-08-2006;SI;PNP SEN-SING Cruc.;3672,49
01-08-2006;SI;UF;18239,55
01-09-2006;SI;DÓLAR;538,53
01-09-2006;SI;Factor de actualización;1,5023
01-09-2006;SI;PNE AYSEN;54,877
01-09-2006;SI;PNE PARENAS;25,329
01-09-2006;SI;PNE PNATALES;48,91
01-09-2006;SI;PNE PORVENIR;35,078
01-09-2006;SI;PNE SEN-SIC;25,996
01-09-2006;SI;PNE SEN-SING Antof.;23,645
01-09-2006;SI;PNE SEN-SING Cruc.;24,578
01-09-2006;SI;PNP AYSEN;6094,99
01-09-2006;SI;PNP PARENAS;5881,19
01-09-2006;SI;PNP PNATALES;6083,5
01-09-2006;SI;PNP PORVENIR;7162,03
01-09-2006;SI;PNP SEN-SIC;4215,33
01-09-2006;SI;PNP SEN-SING Antof.;3477,82
01-09-2006;SI;PNP SEN-SING Cruc.;3672,49
01-09-2006;SI;UF;18336,04
01-10-2006;SI;DÓLAR;538,65
01-10-2006;NO;DÓLAR;538,65
01-10-2006;SI;Factor de actualización;1,4971
01-10-2006;NO;Factor de actualización;1,4971
01-10-2006;SI;PNE AYSEN;48,937
01-10-2006;NO;PNE AYSEN;51,83
01-10-2006;SI;PNE PARENAS;25,329
01-10-2006;NO;PNE PARENAS;23,86
01-10-2006;SI;PNE PNATALES;48,91
01-10-2006;NO;PNE PNATALES;42,41
01-10-2006;SI;PNE PORVENIR;35,078
01-10-2006;NO;PNE PORVENIR;48,13
01-10-2006;SI;PNE SEN-SIC;25,996
01-10-2006;NO;PNE SEN-SIC;28,744
01-10-2006;SI;PNE SEN-SING Antof.;20,963
01-10-2006;NO;PNE SEN-SING Antof.;26,715
01-10-2006;SI;PNE SEN-SING Cruc.;21,79
01-10-2006;NO;PNE SEN-SING Cruc.;27,001
01-10-2006;SI;PNP AYSEN;6118,79
01-10-2006;NO;PNP AYSEN;6818,18
01-10-2006;SI;PNP PARENAS;5881,19
01-10-2006;NO;PNP PARENAS;6663,07
01-10-2006;SI;PNP PNATALES;6083,5
01-10-2006;NO;PNP PNATALES;5881,19
01-10-2006;SI;PNP PORVENIR;7162,03
01-10-2006;NO;PNP PORVENIR;7162,03
01-10-2006;SI;PNP SEN-SIC;4215,33
01-10-2006;NO;PNP SEN-SIC;4344,74
01-10-2006;SI;PNP SEN-SING Antof.;3569,51
01-10-2006;NO;PNP SEN-SING Antof.;3692,17
01-10-2006;SI;PNP SEN-SING Cruc.;3769,31
01-10-2006;NO;PNP SEN-SING Cruc.;3734,15
01-10-2006;SI;UF;18399,32
01-10-2006;NO;UF;18399,32
01-04-2007;NO;DÓLAR;538,49
01-04-2007;NO;Factor de actualización;1,4992
01-04-2007;NO;PNE AYSEN;51,322
01-04-2007;NO;PNE PARENAS;24,614
01-04-2007;NO;PNE PNATALES;43,549
01-04-2007;NO;PNE PORVENIR;49,37
01-04-2007;NO;PNE SEN-SIC;31,617
01-04-2007;NO;PNE SEN-SING Antof.;28,618
01-04-2007;NO;PNE SEN-SING Cruc.;28,776
01-04-2007;NO;PNP AYSEN;6766,77
01-04-2007;NO;PNP PARENAS;6615,44
01-04-2007;NO;PNP PNATALES;5839,15
01-04-2007;NO;PNP PORVENIR;7110,83
01-04-2007;NO;PNP SEN-SIC;4622,7725
01-04-2007;NO;PNP SEN-SING Antof.;3864,46
01-04-2007;NO;PNP SEN-SING Cruc.;3840,04
01-04-2007;NO;UF;18374,15
01-07-2007;SI;DÓLAR;526,719
01-07-2007;SI;Factor de actualización;1,4794
01-07-2007;SI;PNE AYSEN;51,322
01-07-2007;SI;PNE PARENAS;24,614
01-07-2007;SI;PNE PNATALES;43,549
01-07-2007;SI;PNE PORVENIR;49,37
01-07-2007;SI;PNE SEN-SIC;35,4332
01-07-2007;SI;PNE SEN-SING Antof.;31,6315
01-07-2007;SI;PNE SEN-SING Cruc.;31,8061
01-07-2007;SI;PNP AYSEN;6766,77
01-07-2007;SI;PNP PARENAS;6615,44
01-07-2007;SI;PNP PNATALES;5839,15
01-07-2007;SI;PNP PORVENIR;7110,83
01-07-2007;SI;PNP SEN-SIC;4573,3088
01-07-2007;SI;PNP SEN-SING Antof.;3819,2458
01-07-2007;SI;PNP SEN-SING Cruc.;3795,1115
01-07-2007;SI;UF;18620,46
01-09-2007;SI;DÓLAR;522,9227
01-09-2007;SI;Factor de actualización;1,4529
01-09-2007;SI;PNE AYSEN;51,322
01-09-2007;SI;PNE PARENAS;24,614
01-09-2007;SI;PNE PNATALES;43,549
01-09-2007;SI;PNE PORVENIR;49,37
01-09-2007;SI;PNE SEN-SIC;40,293
01-09-2007;SI;PNE SEN-SING Antof.;35,501
01-09-2007;SI;PNE SEN-SING Cruc.;35,697
01-09-2007;SI;PNP AYSEN;6766,77
01-09-2007;SI;PNP PARENAS;6615,44
01-09-2007;SI;PNP PNATALES;5839,15
01-09-2007;SI;PNP PORVENIR;7110,83
01-09-2007;SI;PNP SEN-SIC;4697,66
01-09-2007;SI;PNP SEN-SING Antof.;3816,15
01-09-2007;SI;PNP SEN-SING Cruc.;3792,04
01-09-2007;SI;UF;18958,89
01-10-2007;NO;DÓLAR;516,9112
01-10-2007;NO;Factor de actualización;1,4373
01-10-2007;NO;PNE AYSEN;53,23
01-10-2007;NO;PNE PARENAS;24,616
01-10-2007;NO;PNE PNATALES;43,7
01-10-2007;NO;PNE PORVENIR;49,54
01-10-2007;NO;PNE SEN-SIC;45,9036
01-10-2007;NO;PNE SEN-SING Antof.;44,316
01-10-2007;NO;PNE SEN-SING Cruc.;45,197
01-10-2007;NO;PNP AYSEN;6872,26
01-10-2007;NO;PNP PARENAS;6718,02
01-10-2007;NO;PNP PNATALES;5929,69
01-10-2007;NO;PNP PORVENIR;7221,09
01-10-2007;NO;PNP SEN-SIC;4503,5768
01-10-2007;NO;PNP SEN-SING Antof.;3765,47
01-10-2007;NO;PNP SEN-SING Cruc.;3835,63
01-10-2007;NO;UF;19164,96
01-02-2008;SI;DÓLAR;491,46
01-02-2008;SI;Factor de actualización;1,3956
01-02-2008;SI;PNE AYSEN;53,23
01-02-2008;SI;PNE PARENAS;24,616
01-02-2008;SI;PNE PNATALES;43,7
01-02-2008;SI;PNE PORVENIR;49,54
01-02-2008;SI;PNE SEN-SIC;45,9036
01-02-2008;SI;PNE SEN-SING Antof.;48,898
01-02-2008;SI;PNE SEN-SING Cruc.;49,87
01-02-2008;SI;PNP AYSEN;6872,26
01-02-2008;SI;PNP PARENAS;6718,02
01-02-2008;SI;PNP PNATALES;5929,69
01-02-2008;SI;PNP PORVENIR;7221,09
01-02-2008;SI;PNP SEN-SIC;4503,5768
01-02-2008;SI;PNP SEN-SING Antof.;3624,64
01-02-2008;SI;PNP SEN-SING Cruc.;3692,18
01-02-2008;SI;UF;19737,85
01-04-2008;NO;DÓLAR;442,94
01-04-2008;NO;Factor de actualización;1,3896
01-04-2008;NO;PNE AYSEN;53,48
01-04-2008;NO;PNE PARENAS;23,69
01-04-2008;NO;PNE PNATALES;42,19
01-04-2008;NO;PNE PORVENIR;47,8
01-04-2008;NO;PNE SEN-SIC;45,253
01-04-2008;NO;PNE SEN-SING Antof.;45,861
01-04-2008;NO;PNE SEN-SING Cruc.;45,898
01-04-2008;NO;PNP AYSEN;6524,49
01-04-2008;NO;PNP PARENAS;6379,81
01-04-2008;NO;PNP PNATALES;5631,17
01-04-2008;NO;PNP PORVENIR;6857,56
01-04-2008;NO;PNP SEN-SIC;3746,32
01-04-2008;NO;PNP SEN-SING Antof.;3419,32
01-04-2008;NO;PNP SEN-SING Cruc.;3455,74
01-04-2008;NO;UF;19822,53
01-06-2008;NO;DÓLAR;470,1
01-06-2008;NO;Factor de actualización;1,3731
01-06-2008;NO;PNE AYSEN;53,48
01-06-2008;NO;PNE COCHAMÓ;109,13
01-06-2008;NO;PNE HORNOPIRÉN;78,35
01-06-2008;NO;PNE PARENAS;23,69
01-06-2008;NO;PNE PNATALES;42,19
01-06-2008;NO;PNE PORVENIR;47,8
01-06-2008;NO;PNE SEN-SIC;45,253
01-06-2008;NO;PNE SEN-SING Antof.;45,861
01-06-2008;NO;PNE SEN-SING Cruc.;45,898
01-06-2008;NO;PNP AYSEN;6524,49
01-06-2008;NO;PNP COCHAMÓ;6837,42
01-06-2008;NO;PNP HORNOPIRÉN;6837,42
01-06-2008;NO;PNP PARENAS;6379,81
01-06-2008;NO;PNP PNATALES;5631,17
01-06-2008;NO;PNP PORVENIR;6857,56
01-06-2008;NO;PNP SEN-SIC;3746,32
01-06-2008;NO;PNP SEN-SING Antof.;3419,32
01-06-2008;NO;PNP SEN-SING Cruc.;3455,74
01-06-2008;NO;UF;20061,03
01-08-2008;SI;DÓLAR;502,24
01-08-2008;SI;Factor de actualización;1,341
01-08-2008;SI;PNE AYSEN;53,48
01-08-2008;SI;PNE COCHAMÓ;109,13
01-08-2008;SI;PNE HORNOPIRÉN;78,35
01-08-2008;SI;PNE PARENAS;23,69
01-08-2008;SI;PNE PNATALES;42,19
01-08-2008;SI;PNE PORVENIR;47,8
01-08-2008;SI;PNE SEN-SIC;49,57
01-08-2008;SI;PNE SEN-SING Antof.;48,865
01-08-2008;SI;PNE SEN-SING Cruc.;48,904
01-08-2008;SI;PNP AYSEN;6524,49
01-08-2008;SI;PNP COCHAMÓ;6837,42
01-08-2008;SI;PNP HORNOPIRÉN;6837,42
01-08-2008;SI;PNP PARENAS;6379,81
01-08-2008;SI;PNP PNATALES;5631,17
01-08-2008;SI;PNP PORVENIR;6857,56
01-08-2008;SI;PNP SEN-SIC;4222,85
01-08-2008;SI;PNP SEN-SING Antof.;3841,26
01-08-2008;SI;PNP SEN-SING Cruc.;3882,18
01-08-2008;SI;UF;20541,21
01-09-2008;SI;DÓLAR;530,17
01-09-2008;SI;Factor de actualización;1,3249
01-09-2008;SI;PNE AYSEN;62,032
01-09-2008;SI;PNE COCHAMÓ;135,354
01-09-2008;SI;PNE HORNOPIRÉN;94,656
01-09-2008;SI;PNE PARENAS;25,33
01-09-2008;SI;PNE PNATALES;45,42
01-09-2008;SI;PNE PORVENIR;51,62
01-09-2008;SI;PNE SEN-SIC;49,57
01-09-2008;SI;PNE SEN-SING Antof.;48,865
01-09-2008;SI;PNE SEN-SING Cruc.;48,904
01-09-2008;SI;PNP AYSEN;7201,81
01-09-2008;SI;PNP COCHAMÓ;7386,64
01-09-2008;SI;PNP HORNOPIRÉN;7386,64
01-09-2008;SI;PNP PARENAS;7039,45
01-09-2008;SI;PNP PNATALES;6213,41
01-09-2008;SI;PNP PORVENIR;7566,6
01-09-2008;SI;PNP SEN-SIC;4222,85
01-09-2008;SI;PNP SEN-SING Antof.;3841,26
01-09-2008;SI;PNP SEN-SING Cruc.;3882,18
01-09-2008;SI;UF;20790,98
01-10-2008;SI;DÓLAR;530,17
01-10-2008;NO;DÓLAR;530,17
01-10-2008;SI;Factor de actualización;1,3125
01-10-2008;NO;Factor de actualización;1,3125
01-10-2008;SI;PNE AYSEN;62,032
01-10-2008;NO;PNE AYSEN;64,066
01-10-2008;SI;PNE COCHAMÓ;135,354
01-10-2008;NO;PNE COCHAMÓ;141,741
01-10-2008;SI;PNE HORNOPIRÉN;94,656
01-10-2008;NO;PNE HORNOPIRÉN;98,638
01-10-2008;SI;PNE PARENAS;25,33
01-10-2008;NO;PNE PARENAS;25,82
01-10-2008;SI;PNE PNATALES;45,42
01-10-2008;NO;PNE PNATALES;46,24
01-10-2008;SI;PNE PORVENIR;51,62
01-10-2008;NO;PNE PORVENIR;52,58
01-10-2008;SI;PNE SEN-SIC;49,57
01-10-2008;NO;PNE SEN-SIC;54,583
01-10-2008;SI;PNE SEN-SING Antof.;59,084
01-10-2008;NO;PNE SEN-SING Antof.;69,119
01-10-2008;SI;PNE SEN-SING Cruc.;59,132
01-10-2008;NO;PNE SEN-SING Cruc.;69,69
01-10-2008;SI;PNP AYSEN;7201,81
01-10-2008;NO;PNP AYSEN;7373,37
01-10-2008;SI;PNP COCHAMÓ;7386,64
01-10-2008;NO;PNP COCHAMÓ;7564,97
01-10-2008;SI;PNP HORNOPIRÉN;7386,64
01-10-2008;NO;PNP HORNOPIRÉN;7564,97
01-10-2008;SI;PNP PARENAS;7039,45
01-10-2008;NO;PNP PARENAS;7206,47
01-10-2008;SI;PNP PNATALES;6213,41
01-10-2008;NO;PNP PNATALES;6360,83
01-10-2008;SI;PNP PORVENIR;7566,6
01-10-2008;NO;PNP PORVENIR;7746,13
01-10-2008;SI;PNP SEN-SIC;4222,85
01-10-2008;NO;PNP SEN-SIC;4374,23
01-10-2008;SI;PNP SEN-SING Antof.;4080,6
01-10-2008;NO;PNP SEN-SING Antof.;4149,11
01-10-2008;SI;PNP SEN-SING Cruc.;4124,06
01-10-2008;NO;PNP SEN-SING Cruc.;4198,66
01-10-2008;SI;UF;20988,34
01-10-2008;NO;UF;20988,34
01-12-2008;SI;DÓLAR;651,5055
01-12-2008;SI;Factor de actualización;1,2866
01-12-2008;SI;PNE AYSEN;69,537
01-12-2008;SI;PNE COCHAMÓ;154,7171
01-12-2008;SI;PNE HORNOPIRÉN;109,9704
01-12-2008;SI;PNE PARENAS;28,53
01-12-2008;SI;PNE PNATALES;50,99
01-12-2008;SI;PNE PORVENIR;58,08
01-12-2008;SI;PNE SEN-SIC;54,583
01-12-2008;SI;PNE SEN-SING Antof.;69,119
01-12-2008;SI;PNE SEN-SING Cruc.;69,69
01-12-2008;SI;PNP AYSEN;8276,02
01-12-2008;SI;PNP COCHAMÓ;8579,5797
01-12-2008;SI;PNP HORNOPIRÉN;8579,5797
01-12-2008;SI;PNP PARENAS;8085,89
01-12-2008;SI;PNP PNATALES;7137,05
01-12-2008;SI;PNP PORVENIR;8691,4
01-12-2008;SI;PNP SEN-SIC;4374,23
01-12-2008;SI;PNP SEN-SING Antof.;4149,11
01-12-2008;SI;PNP SEN-SING Cruc.;4198,66
01-12-2008;SI;UF;21410,18
01-01-2009;SI;DÓLAR;618,39
01-01-2009;SI;DÓLAR;618,39
01-01-2009;SI;Factor de actualización;1,2841
01-01-2009;SI;Factor de actualización;1,2841
01-01-2009;SI;PNE AYSEN;69,537
01-01-2009;SI;PNE AYSEN;69,537
01-01-2009;SI;PNE COCHAMÓ;154,7171
01-01-2009;SI;PNE COCHAMÓ;154,7171
01-01-2009;SI;PNE HORNOPIRÉN;109,9704
01-01-2009;SI;PNE HORNOPIRÉN;109,9704
01-01-2009;SI;PNE PARENAS;28,53
01-01-2009;SI;PNE PARENAS;28,53
01-01-2009;SI;PNE PNATALES;50,99
01-01-2009;SI;PNE PNATALES;50,99
01-01-2009;SI;PNE PORVENIR;58,08
01-01-2009;SI;PNE PORVENIR;58,08
01-01-2009;SI;PNE SEN-SIC;54,583
01-01-2009;SI;PNE SEN-SIC;54,583
01-01-2009;SI;PNE SEN-SING Antof.;81,415
01-01-2009;SI;PNE SEN-SING Antof.;81,415
01-01-2009;SI;PNE SEN-SING Cruc.;82,088
01-01-2009;SI;PNE SEN-SING Cruc.;82,088
01-01-2009;SI;PNE WILLIAMS;227,37
01-01-2009;SI;PNE WILLIAMS;271,69
01-01-2009;SI;PNP AYSEN;8276,02
01-01-2009;SI;PNP AYSEN;8276,02
01-01-2009;SI;PNP COCHAMÓ;8579,5797
01-01-2009;SI;PNP COCHAMÓ;8579,5797
01-01-2009;SI;PNP HORNOPIRÉN;8579,5797
01-01-2009;SI;PNP HORNOPIRÉN;8579,5797
01-01-2009;SI;PNP PARENAS;8085,89
01-01-2009;SI;PNP PARENAS;8085,89
01-01-2009;SI;PNP PNATALES;7137,05
01-01-2009;SI;PNP PNATALES;7137,05
01-01-2009;SI;PNP PORVENIR;8691,4
01-01-2009;SI;PNP PORVENIR;8691,4
01-01-2009;SI;PNP SEN-SIC;4913,43
01-01-2009;SI;PNP SEN-SIC;4913,43
01-01-2009;SI;PNP SEN-SING Antof.;4994,28
01-01-2009;SI;PNP SEN-SING Antof.;4994,28
01-01-2009;SI;PNP SEN-SING Cruc.;5053,92
01-01-2009;SI;PNP SEN-SING Cruc.;5053,92
01-01-2009;SI;PNP WILLIAMS;7035,55
01-01-2009;SI;PNP WILLIAMS;8644,39
01-01-2009;SI;UF;21452,57
01-01-2009;SI;UF;21452,57
01-03-2009;SI;DÓLAR;605,998
01-03-2009;SI;Factor de actualización;1,3071
01-03-2009;SI;PNE AYSEN;62,267
01-03-2009;SI;PNE COCHAMÓ;129,2839
01-03-2009;SI;PNE HORNOPIRÉN;95,3769
01-03-2009;SI;PNE PARENAS;28,53
01-03-2009;SI;PNE PNATALES;50,99
01-03-2009;SI;PNE PORVENIR;58,08
01-03-2009;SI;PNE SEN-SIC;54,583
01-03-2009;SI;PNE SEN-SING Antof.;81,415
01-03-2009;SI;PNE SEN-SING Cruc.;82,088
01-03-2009;SI;PNE WILLIAMS;271,69
01-03-2009;SI;PNP AYSEN;8168,7
01-03-2009;SI;PNP COCHAMÓ;8412,3231
01-03-2009;SI;PNP HORNOPIRÉN;8412,3231
01-03-2009;SI;PNP PARENAS;8085,89
01-03-2009;SI;PNP PNATALES;7137,05
01-03-2009;SI;PNP PORVENIR;8691,4
01-03-2009;SI;PNP SEN-SIC;4913,43
01-03-2009;SI;PNP SEN-SING Antof.;4994,28
01-03-2009;SI;PNP SEN-SING Cruc.;5053,92
01-03-2009;SI;PNP WILLIAMS;8644,39
01-03-2009;SI;UF;21073,81
01-04-2009;SI;DÓLAR;592,9314
01-04-2009;NO;DÓLAR;592,9314
01-04-2009;SI;Factor de actualización;1,3142
01-04-2009;NO;Factor de actualización;1,3142
01-04-2009;SI;PNE AYSEN;62,267
01-04-2009;NO;PNE AYSEN;62,267
01-04-2009;SI;PNE COCHAMÓ;129,2839
01-04-2009;NO;PNE COCHAMÓ;129,2839
01-04-2009;SI;PNE HORNOPIRÉN;95,3769
01-04-2009;NO;PNE HORNOPIRÉN;95,3769
01-04-2009;SI;PNE PARENAS;28,53
01-04-2009;NO;PNE PARENAS;28,53
01-04-2009;SI;PNE PNATALES;50,99
01-04-2009;NO;PNE PNATALES;50,99
01-04-2009;SI;PNE PORVENIR;58,08
01-04-2009;NO;PNE PORVENIR;58,08
01-04-2009;SI;PNE SEN-SIC;54,583
01-04-2009;NO;PNE SEN-SIC;49,107
01-04-2009;SI;PNE SEN-SING Antof.;81,415
01-04-2009;NO;PNE SEN-SING Antof.;62,2218
01-04-2009;SI;PNE SEN-SING Cruc.;82,088
01-04-2009;NO;PNE SEN-SING Cruc.;64,292
01-04-2009;SI;PNE WILLIAMS;229,98
01-04-2009;NO;PNE WILLIAMS;229,98
01-04-2009;SI;PNP AYSEN;8168,7
01-04-2009;NO;PNP AYSEN;8168,7
01-04-2009;SI;PNP COCHAMÓ;8412,3231
01-04-2009;NO;PNP COCHAMÓ;8412,3231
01-04-2009;SI;PNP HORNOPIRÉN;8412,3231
01-04-2009;NO;PNP HORNOPIRÉN;8412,3231
01-04-2009;SI;PNP PARENAS;8085,89
01-04-2009;NO;PNP PARENAS;8085,89
01-04-2009;SI;PNP PNATALES;7137,05
01-04-2009;NO;PNP PNATALES;7137,05
01-04-2009;SI;PNP PORVENIR;8691,4
01-04-2009;NO;PNP PORVENIR;8691,4
01-04-2009;SI;PNP SEN-SIC;4913,43
01-04-2009;NO;PNP SEN-SIC;5093,54
01-04-2009;SI;PNP SEN-SING Antof.;4994,28
01-04-2009;NO;PNP SEN-SING Antof.;4844,9986
01-04-2009;SI;PNP SEN-SING Cruc.;5053,92
01-04-2009;NO;PNP SEN-SING Cruc.;5054,71
01-04-2009;SI;PNP WILLIAMS;8142,34
01-04-2009;NO;PNP WILLIAMS;8142,34
01-04-2009;SI;UF;20959,77
01-04-2009;NO;UF;20959,77
01-05-2009;SI;DÓLAR;583,1757
01-05-2009;SI;Factor de actualización;1,3121
01-05-2009;SI;PNE AYSEN;59,475
01-05-2009;SI;PNE COCHAMÓ;117,955
01-05-2009;SI;PNE HORNOPIRÉN;88,158
01-05-2009;SI;PNE PARENAS;29,11
01-05-2009;SI;PNE PNATALES;50,965
01-05-2009;SI;PNE PORVENIR;57,71
01-05-2009;SI;PNE SEN-SIC;49,107
01-05-2009;SI;PNE SEN-SING Antof.;62,2218
01-05-2009;SI;PNE SEN-SING Cruc.;64,292
01-05-2009;SI;PNE WILLIAMS;229,98
01-05-2009;SI;PNP AYSEN;8008,28
01-05-2009;SI;PNP COCHAMÓ;8243,99
01-05-2009;SI;PNP HORNOPIRÉN;8243,99
01-05-2009;SI;PNP PARENAS;7825,31
01-05-2009;SI;PNP PNATALES;6907,05
01-05-2009;SI;PNP PORVENIR;8411,31
01-05-2009;SI;PNP SEN-SIC;5093,54
01-05-2009;SI;PNP SEN-SING Antof.;4844,9986
01-05-2009;SI;PNP SEN-SING Cruc.;5054,71
01-05-2009;SI;PNP WILLIAMS;8142,34
01-05-2009;SI;UF;20993,97
01-06-2009;SI;DÓLAR;565,7179
01-06-2009;SI;Factor de actualización;1,3124
01-06-2009;SI;PNE AYSEN;59,475
01-06-2009;SI;PNE COCHAMÓ;98,007
01-06-2009;SI;PNE HORNOPIRÉN;75,712
01-06-2009;SI;PNE PARENAS;29,11
01-06-2009;SI;PNE PNATALES;50,965
01-06-2009;SI;PNE PORVENIR;57,71
01-06-2009;SI;PNE SEN-SIC;49,107
01-06-2009;SI;PNE SEN-SING Antof.;62,2218
01-06-2009;SI;PNE SEN-SING Cruc.;64,292
01-06-2009;SI;PNE WILLIAMS;202,81
01-06-2009;SI;PNP AYSEN;8008,28
01-06-2009;SI;PNP COCHAMÓ;7952,9
01-06-2009;SI;PNP HORNOPIRÉN;7952,9
01-06-2009;SI;PNP PARENAS;7825,31
01-06-2009;SI;PNP PNATALES;6907,05
01-06-2009;SI;PNP PORVENIR;8411,31
01-06-2009;SI;PNP SEN-SIC;5093,54
01-06-2009;SI;PNP SEN-SING Antof.;4844,9986
01-06-2009;SI;PNP SEN-SING Cruc.;5054,71
01-06-2009;SI;PNP WILLIAMS;7837,06
01-06-2009;SI;UF;20989,29
01-07-2009;SI;DÓLAR;553,08
01-07-2009;SI;Factor de actualización;1,3159
01-07-2009;SI;PNE AYSEN;53,323
01-07-2009;SI;PNE COCHAMÓ;98,007
01-07-2009;SI;PNE HORNOPIRÉN;75,712
01-07-2009;SI;PNE PARENAS;29,11
01-07-2009;SI;PNE PNATALES;50,965
01-07-2009;SI;PNE PORVENIR;57,71
01-07-2009;SI;PNE SEN-SIC;49,107
01-07-2009;SI;PNE SEN-SING Antof.;62,2218
01-07-2009;SI;PNE SEN-SING Cruc.;64,292
01-07-2009;SI;PNE WILLIAMS;202,81
01-07-2009;SI;PNP AYSEN;7627,17
01-07-2009;SI;PNP COCHAMÓ;7952,9
01-07-2009;SI;PNP HORNOPIRÉN;7952,9
01-07-2009;SI;PNP PARENAS;7825,31
01-07-2009;SI;PNP PNATALES;6907,05
01-07-2009;SI;PNP PORVENIR;8411,31
01-07-2009;SI;PNP SEN-SIC;5093,54
01-07-2009;SI;PNP SEN-SING Antof.;4844,9986
01-07-2009;SI;PNP SEN-SING Cruc.;5054,71
01-07-2009;SI;PNP WILLIAMS;7837,06
01-07-2009;SI;UF;20933,02
01-08-2009;SI;DÓLAR;540,42
01-08-2009;SI;Factor de actualización;1,3143
01-08-2009;SI;PNE AYSEN;53,323
01-08-2009;SI;PNE COCHAMÓ;98,007
01-08-2009;SI;PNE HORNOPIRÉN;75,712
01-08-2009;SI;PNE PARENAS;29,11
01-08-2009;SI;PNE PNATALES;50,965
01-08-2009;SI;PNE PORVENIR;57,71
01-08-2009;SI;PNE SEN-SIC;49,107
01-08-2009;SI;PNE SEN-SING Antof.;55,725
01-08-2009;SI;PNE SEN-SING Cruc.;57,579
01-08-2009;SI;PNE WILLIAMS;202,81
01-08-2009;SI;PNP AYSEN;7627,17
01-08-2009;SI;PNP COCHAMÓ;7952,9
01-08-2009;SI;PNP HORNOPIRÉN;7952,9
01-08-2009;SI;PNP PARENAS;7825,31
01-08-2009;SI;PNP PNATALES;6907,05
01-08-2009;SI;PNP PORVENIR;8411,31
01-08-2009;SI;PNP SEN-SIC;5093,54
01-08-2009;SI;PNP SEN-SING Antof.;4565,2016
01-08-2009;SI;PNP SEN-SING Cruc.;4762,8
01-08-2009;SI;PNP WILLIAMS;7837,06
01-08-2009;SI;UF;20958,67
01-10-2009;SI;DÓLAR;549,07
01-10-2009;NO;DÓLAR;549,07
01-10-2009;SI;Factor de actualización;1,3221
01-10-2009;NO;Factor de actualización;1,3221
01-10-2009;SI;PNE AYSEN;53,323
01-10-2009;NO;PNE AYSEN;53,323
01-10-2009;SI;PNE COCHAMÓ;98,007
01-10-2009;NO;PNE COCHAMÓ;98,007
01-10-2009;SI;PNE HORNOPIRÉN;75,712
01-10-2009;NO;PNE HORNOPIRÉN;75,712
01-10-2009;SI;PNE PARENAS;32,791
01-10-2009;NO;PNE PARENAS;32,791
01-10-2009;SI;PNE PNATALES;50,965
01-10-2009;NO;PNE PNATALES;50,965
01-10-2009;SI;PNE PORVENIR;57,71
01-10-2009;NO;PNE PORVENIR;57,71
01-10-2009;SI;PNE SEN-SIC;42,602
01-10-2009;NO;PNE SEN-SIC;41,733
01-10-2009;SI;PNE SEN-SING Antof.;55,725
01-10-2009;NO;PNE SEN-SING Antof.;56,4801
01-10-2009;SI;PNE SEN-SING Cruc.;57,579
01-10-2009;NO;PNE SEN-SING Cruc.;58,149
01-10-2009;SI;PNE WILLIAMS;202,81
01-10-2009;NO;PNE WILLIAMS;202,81
01-10-2009;SI;PNP AYSEN;7627,17
01-10-2009;NO;PNP AYSEN;7627,17
01-10-2009;SI;PNP COCHAMÓ;7952,9
01-10-2009;NO;PNP COCHAMÓ;7952,9
01-10-2009;SI;PNP HORNOPIRÉN;7952,9
01-10-2009;NO;PNP HORNOPIRÉN;7952,9
01-10-2009;SI;PNP PARENAS;7366,77
01-10-2009;NO;PNP PARENAS;7366,77
01-10-2009;SI;PNP PNATALES;6907,05
01-10-2009;NO;PNP PNATALES;6907,05
01-10-2009;SI;PNP PORVENIR;8411,31
01-10-2009;NO;PNP PORVENIR;8411,31
01-10-2009;SI;PNP SEN-SIC;4793,15
01-10-2009;NO;PNP SEN-SIC;4583,83
01-10-2009;SI;PNP SEN-SING Antof.;4565,2016
01-10-2009;NO;PNP SEN-SING Antof.;4500,848
01-10-2009;SI;PNP SEN-SING Cruc.;4762,8
01-10-2009;NO;PNP SEN-SING Cruc.;4662,8
01-10-2009;SI;PNP WILLIAMS;7837,06
01-10-2009;NO;PNP WILLIAMS;7837,06
01-10-2009;SI;UF;20834,45
01-10-2009;NO;UF;20834,45
01-11-2009;SI;DÓLAR;545,8329
01-11-2009;SI;Factor de actualización;1,3144
01-11-2009;SI;PNE AYSEN;54,216
01-11-2009;SI;PNE COCHAMÓ;97,834
01-11-2009;SI;PNE HORNOPIRÉN;75,167
01-11-2009;SI;PNE PARENAS;32,79
01-11-2009;SI;PNE PNATALES;54,78
01-11-2009;SI;PNE PORVENIR;61,45
01-11-2009;SI;PNE SEN-SIC;41,733
01-11-2009;SI;PNE SEN-SING Antof.;56,4801
01-11-2009;SI;PNE SEN-SING Cruc.;58,149
01-11-2009;SI;PNE WILLIAMS;199,93
01-11-2009;SI;PNP AYSEN;7534,35
01-11-2009;SI;PNP COCHAMÓ;7738,59
01-11-2009;SI;PNP HORNOPIRÉN;7738,59
01-11-2009;SI;PNP PARENAS;7366,77
01-11-2009;SI;PNP PNATALES;6502,31
01-11-2009;SI;PNP PORVENIR;7918,43
01-11-2009;SI;PNP SEN-SIC;4583,83
01-11-2009;SI;PNP SEN-SING Antof.;4500,848
01-11-2009;SI;PNP SEN-SING Cruc.;4662,8
01-11-2009;SI;PNP WILLIAMS;7607,98
01-11-2009;SI;UF;20956,89
01-03-2010;SI;DÓLAR;532,56
01-03-2010;SI;Factor de actualización;1,3172
01-03-2010;SI;PNE AYSEN;54,216
01-03-2010;SI;PNE COCHAMÓ;97,834
01-03-2010;SI;PNE HORNOPIRÉN;75,167
01-03-2010;SI;PNE PARENAS;32,79
01-03-2010;SI;PNE PNATALES;54,78
01-03-2010;SI;PNE PORVENIR;61,45
01-03-2010;SI;PNE SEN-SIC;37,214
01-03-2010;SI;PNE SEN-SING Antof.;56,4801
01-03-2010;SI;PNE SEN-SING Cruc.;58,149
01-03-2010;SI;PNE WILLIAMS;199,93
01-03-2010;SI;PNP AYSEN;7534,35
01-03-2010;SI;PNP COCHAMÓ;7738,59
01-03-2010;SI;PNP HORNOPIRÉN;7738,59
01-03-2010;SI;PNP PARENAS;7366,77
01-03-2010;SI;PNP PNATALES;6502,31
01-03-2010;SI;PNP PORVENIR;7918,43
01-03-2010;SI;PNP SEN-SIC;4560,26
01-03-2010;SI;PNP SEN-SING Antof.;4500,848
01-03-2010;SI;PNP SEN-SING Cruc.;4662,8
01-03-2010;SI;PNP WILLIAMS;7607,98
01-03-2010;SI;UF;20912,91
01-04-2010;NO;DÓLAR;523,1626
01-04-2010;NO;Factor de actualización;1,3118
01-04-2010;NO;PNE AYSEN;54,216
01-04-2010;NO;PNE COCHAMÓ;97,834
01-04-2010;NO;PNE HORNOPIRÉN;75,167
01-04-2010;NO;PNE PARENAS;32,79
01-04-2010;NO;PNE PNATALES;54,78
01-04-2010;NO;PNE PORVENIR;61,45
01-04-2010;NO;PNE SEN-SIC;41,013
01-04-2010;NO;PNE SEN-SING Cruc.;46,11
01-04-2010;NO;PNE WILLIAMS;199,93
01-04-2010;NO;PNP AYSEN;7534,35
01-04-2010;NO;PNP COCHAMÓ;7738,59
01-04-2010;NO;PNP HORNOPIRÉN;7738,59
01-04-2010;NO;PNP PARENAS;7366,77
01-04-2010;NO;PNP PNATALES;6502,31
01-04-2010;NO;PNP PORVENIR;7918,43
01-04-2010;NO;PNP SEN-SIC;4593,31
01-04-2010;NO;PNP SEN-SING Cruc.;4520,17
01-04-2010;NO;PNP WILLIAMS;7607,98
01-04-2010;NO;UF;20998,52
01-05-2010;SI;DÓLAR;520,6243
01-05-2010;SI;Factor de actualización;1,3098
01-05-2010;SI;PNE AYSEN;56,05
01-05-2010;SI;PNE COCHAMÓ;104,35
01-05-2010;SI;PNE HORNOPIRÉN;79,28
01-05-2010;SI;PNE PARENAS;33,2
01-05-2010;SI;PNE PNATALES;55,11
01-05-2010;SI;PNE PORVENIR;61,76
01-05-2010;SI;PNE SEN-SIC;41,013
01-05-2010;SI;PNE SEN-SING Cruc.;46,11
01-05-2010;SI;PNE WILLIAMS;208,71
01-05-2010;SI;PNP AYSEN;7347,48
01-05-2010;SI;PNP COCHAMÓ;7525,88
01-05-2010;SI;PNP HORNOPIRÉN;7525,88
01-05-2010;SI;PNP PARENAS;7186,3
01-05-2010;SI;PNP PNATALES;6343,02
01-05-2010;SI;PNP PORVENIR;7724,44
01-05-2010;SI;PNP SEN-SIC;4593,31
01-05-2010;SI;PNP SEN-SING Cruc.;4520,17
01-05-2010;SI;PNP WILLIAMS;7362,72
01-05-2010;SI;UF;21031,5
01-08-2010;SI;DÓLAR;531,72
01-08-2010;SI;Factor de actualización;1,2977
01-08-2010;SI;PNE AYSEN;56,05
01-08-2010;SI;PNE COCHAMÓ;104,35
01-08-2010;SI;PNE HORNOPIRÉN;79,28
01-08-2010;SI;PNE PARENAS;33,2
01-08-2010;SI;PNE PNATALES;55,11
01-08-2010;SI;PNE PORVENIR;61,76
01-08-2010;SI;PNE SEN-SIC;46,466
01-08-2010;SI;PNE SEN-SING Cruc.;46,11
01-08-2010;SI;PNE WILLIAMS;208,71
01-08-2010;SI;PNP AYSEN;7347,48
01-08-2010;SI;PNP COCHAMÓ;7525,88
01-08-2010;SI;PNP HORNOPIRÉN;7525,88
01-08-2010;SI;PNP PARENAS;7186,3
01-08-2010;SI;PNP PNATALES;6343,02
01-08-2010;SI;PNP PORVENIR;7724,44
01-08-2010;SI;PNP SEN-SIC;4694,2
01-08-2010;SI;PNP SEN-SING Cruc.;4520,17
01-08-2010;SI;PNP WILLIAMS;7362,72
01-08-2010;SI;UF;21227,57
01-10-2010;NO;DÓLAR;493,93
01-10-2010;NO;Factor de actualización;1,2908
01-10-2010;NO;PNE AYSEN;56,05
01-10-2010;NO;PNE COCHAMÓ;104,35
01-10-2010;NO;PNE HORNOPIRÉN;79,28
01-10-2010;NO;PNE PARENAS;33,2
01-10-2010;NO;PNE PNATALES;55,11
01-10-2010;NO;PNE PORVENIR;61,76
01-10-2010;NO;PNE SEN-SIC;47,254
01-10-2010;NO;PNE SEN-SING Cruc.;43,894
01-10-2010;NO;PNE WILLIAMS;208,71
01-10-2010;NO;PNP AYSEN;7347,48
01-10-2010;NO;PNP COCHAMÓ;7525,88
01-10-2010;NO;PNP HORNOPIRÉN;7525,88
01-10-2010;NO;PNP PARENAS;7186,3
01-10-2010;NO;PNP PNATALES;6343,02
01-10-2010;NO;PNP PORVENIR;7724,44
01-10-2010;NO;PNP SEN-SIC;4438,8
01-10-2010;NO;PNP SEN-SING Cruc.;4373,28
01-10-2010;NO;PNP WILLIAMS;7362,72
01-10-2010;NO;UF;21339,99
01-11-2010;SI;DÓLAR;484,04
01-11-2010;NO;DÓLAR;484,04
01-11-2010;SI;Factor de actualización;1,2876
01-11-2010;NO;Factor de actualización;1,2876
01-11-2010;SI;PNE AYSEN;56,05
01-11-2010;NO;PNE AYSEN;57,274
01-11-2010;SI;PNE COCHAMÓ;104,35
01-11-2010;NO;PNE COCHAMÓ;128,078
01-11-2010;SI;PNE HORNOPIRÉN;79,28
01-11-2010;NO;PNE HORNOPIRÉN;94,918
01-11-2010;SI;PNE PARENAS;33,2
01-11-2010;NO;PNE PARENAS;35,046
01-11-2010;SI;PNE PNATALES;55,11
01-11-2010;NO;PNE PNATALES;53,324
01-11-2010;SI;PNE PORVENIR;61,76
01-11-2010;NO;PNE PORVENIR;53,6
01-11-2010;SI;PNE SEN-SIC;51,293
01-11-2010;NO;PNE SEN-SIC;47,254
01-11-2010;SI;PNE SEN-SING Cruc.;46,11
01-11-2010;NO;PNE SEN-SING Cruc.;43,894
01-11-2010;SI;PNE WILLIAMS;208,71
01-11-2010;NO;PNE WILLIAMS;222,033
01-11-2010;SI;PNP AYSEN;7347,48
01-11-2010;NO;PNP AYSEN;7347,48
01-11-2010;SI;PNP COCHAMÓ;7525,88
01-11-2010;NO;PNP COCHAMÓ;7525,88
01-11-2010;SI;PNP HORNOPIRÉN;7525,88
01-11-2010;NO;PNP HORNOPIRÉN;7525,88
01-11-2010;SI;PNP PARENAS;7186,3
01-11-2010;NO;PNP PARENAS;7186,3
01-11-2010;SI;PNP PNATALES;6343,02
01-11-2010;NO;PNP PNATALES;6343,02
01-11-2010;SI;PNP PORVENIR;7724,44
01-11-2010;NO;PNP PORVENIR;7724,44
01-11-2010;SI;PNP SEN-SIC;4465,71
01-11-2010;NO;PNP SEN-SIC;4438,8
01-11-2010;SI;PNP SEN-SING Cruc.;4520,17
01-11-2010;NO;PNP SEN-SING Cruc.;4373,28
01-11-2010;SI;PNP WILLIAMS;7362,72
01-11-2010;NO;PNP WILLIAMS;7362,72
01-11-2010;SI;UF;21394,11
01-11-2010;NO;UF;21394,11
01-04-2011;NO;DÓLAR;479,65
01-04-2011;NO;Factor de actualización;1,2766
01-04-2011;NO;PNE AYSEN;57,274
01-04-2011;NO;PNE COCHAMÓ;128,078
01-04-2011;NO;PNE HORNOPIRÉN;94,918
01-04-2011;NO;PNE PARENAS;35,046
01-04-2011;NO;PNE PNATALES;53,324
01-04-2011;NO;PNE PORVENIR;53,6
01-04-2011;NO;PNE SEN-SIC;45,674
01-04-2011;NO;PNE SEN-SING Cruc.;44,52
01-04-2011;NO;PNE WILLIAMS;222,033
01-04-2011;NO;PNP AYSEN;7347,48
01-04-2011;NO;PNP COCHAMÓ;7525,88
01-04-2011;NO;PNP HORNOPIRÉN;7525,88
01-04-2011;NO;PNP PARENAS;7186,3
01-04-2011;NO;PNP PNATALES;6343,02
01-04-2011;NO;PNP PORVENIR;7724,44
01-04-2011;NO;PNP SEN-SIC;4653,54
01-04-2011;NO;PNP SEN-SING Cruc.;4319,82
01-04-2011;NO;PNP WILLIAMS;7362,72
01-04-2011;NO;UF;21578,26
01-05-2011;SI;DÓLAR;471,32
01-05-2011;SI;Factor de actualización;1,2687
01-05-2011;SI;PNE AYSEN;59,802
01-05-2011;SI;PNE COCHAMÓ;139,943
01-05-2011;SI;PNE HORNOPIRÉN;99,526
01-05-2011;SI;PNE PARENAS;34,5
01-05-2011;SI;PNE PNATALES;52,681
01-05-2011;SI;PNE PORVENIR;52,945
01-05-2011;SI;PNE SEN-SIC;45,674
01-05-2011;SI;PNE SEN-SING Cruc.;44,52
01-05-2011;SI;PNE WILLIAMS;238,589
01-05-2011;SI;PNP AYSEN;7167,81
01-05-2011;SI;PNP COCHAMÓ;7341,85
01-05-2011;SI;PNP HORNOPIRÉN;7341,85
01-05-2011;SI;PNP PARENAS;7010,58
01-05-2011;SI;PNP PNATALES;6187,92
01-05-2011;SI;PNP PORVENIR;7535,56
01-05-2011;SI;PNP SEN-SIC;4653,54
01-05-2011;SI;PNP SEN-SING Cruc.;4319,82
01-05-2011;SI;PNP WILLIAMS;7182,68
01-05-2011;SI;UF;21711,55
01-10-2011;NO;DÓLAR;483,69
01-10-2011;NO;Factor de actualización;1,2514
01-10-2011;NO;PNE AYSEN;59,802
01-10-2011;NO;PNE COCHAMÓ;139,943
01-10-2011;NO;PNE HORNOPIRÉN;99,526
01-10-2011;NO;PNE PARENAS;34,5
01-10-2011;NO;PNE PNATALES;52,681
01-10-2011;NO;PNE PORVENIR;52,945
01-10-2011;NO;PNE SEN-SIC;44,661
01-10-2011;NO;PNE SEN-SING Cruc.;40,887
01-10-2011;NO;PNE WILLIAMS;238,589
01-10-2011;NO;PNP AYSEN;7167,81
01-10-2011;NO;PNP COCHAMÓ;7341,85
01-10-2011;NO;PNP HORNOPIRÉN;7341,85
01-10-2011;NO;PNP PARENAS;7010,58
01-10-2011;NO;PNP PNATALES;6187,92
01-10-2011;NO;PNP PORVENIR;7535,56
01-10-2011;NO;PNP SEN-SIC;5915,5
01-10-2011;NO;PNP SEN-SING Cruc.;4451,54
01-10-2011;NO;PNP WILLIAMS;7182,68
01-10-2011;NO;UF;22012,69
01-11-2011;SI;DÓLAR;511,74
01-11-2011;SI;Factor de actualización;1,2462
01-11-2011;SI;PNE AYSEN;62,922
01-11-2011;SI;PNE COCHAMÓ;153,934
01-11-2011;SI;PNE HORNOPIRÉN;101,789
01-11-2011;SI;PNE PARENAS;34,589
01-11-2011;SI;PNE PNATALES;53,261
01-11-2011;SI;PNE PORVENIR;53,444
01-11-2011;SI;PNE SEN-SIC;44,661
01-11-2011;SI;PNE SEN-SING Cruc.;40,887
01-11-2011;SI;PNE WILLIAMS;246,116
01-11-2011;SI;PNP AYSEN;7327,11
01-11-2011;SI;PNP COCHAMÓ;7505,02
01-11-2011;SI;PNP HORNOPIRÉN;7505,02
01-11-2011;SI;PNP PARENAS;7166,38
01-11-2011;SI;PNP PNATALES;6325,44
01-11-2011;SI;PNP PORVENIR;7703,03
01-11-2011;SI;PNP SEN-SIC;5915,5
01-11-2011;SI;PNP SEN-SING Cruc.;4451,54
01-11-2011;SI;PNP WILLIAMS;7342,31
01-11-2011;SI;UF;22103,98
01-04-2012;NO;DÓLAR;485,4
01-04-2012;NO;Factor de actualización;1,2225
01-04-2012;NO;PNE AYSEN;62,922
01-04-2012;NO;PNE COCHAMÓ;153,934
01-04-2012;NO;PNE HORNOPIRÉN;101,789
01-04-2012;NO;PNE PARENAS;34,589
01-04-2012;NO;PNE PNATALES;53,261
01-04-2012;NO;PNE PORVENIR;53,444
01-04-2012;NO;PNE SEN-SIC;45,398
01-04-2012;NO;PNE SEN-SING Cruc.;39,665
01-04-2012;NO;PNE WILLIAMS;246,116
01-04-2012;NO;PNP AYSEN;7327,11
01-04-2012;NO;PNP COCHAMÓ;7505,02
01-04-2012;NO;PNP HORNOPIRÉN;7505,02
01-04-2012;NO;PNP PARENAS;7166,38
01-04-2012;NO;PNP PNATALES;6325,44
01-04-2012;NO;PNP PORVENIR;7703,03
01-04-2012;NO;PNP SEN-SIC;4842,52
01-04-2012;NO;PNP SEN-SING Cruc.;4170,82
01-04-2012;NO;PNP WILLIAMS;7342,31
01-04-2012;NO;UF;22533,51
01-05-2012;SI;DÓLAR;486
01-05-2012;SI;Factor de actualización;1,2193
01-05-2012;SI;PNE AYSEN;65,392
01-05-2012;SI;PNE COCHAMÓ;162,313
01-05-2012;SI;PNE HORNOPIRÉN;105,716
01-05-2012;SI;PNE PARENAS;36,333
01-05-2012;SI;PNE PNATALES;55,389
01-05-2012;SI;PNE PORVENIR;55,64
01-05-2012;SI;PNE SEN-SIC;45,398
01-05-2012;SI;PNE SEN-SING Cruc.;39,665
01-05-2012;SI;PNE WILLIAMS;255,614
01-05-2012;SI;PNP AYSEN;7566,56
01-05-2012;SI;PNP COCHAMÓ;7750,28
01-05-2012;SI;PNP HORNOPIRÉN;7750,28
01-05-2012;SI;PNP PARENAS;7400,58
01-05-2012;SI;PNP PNATALES;6532,15
01-05-2012;SI;PNP PORVENIR;7954,76
01-05-2012;SI;PNP SEN-SIC;4842,52
01-05-2012;SI;PNP SEN-SING Cruc.;4170,82
01-05-2012;SI;PNP WILLIAMS;7582,26
01-05-2012;SI;UF;22591,21
01-10-2012;NO;DÓLAR;474,9718
01-10-2012;NO;Factor de actualización;1,2193
01-10-2012;NO;PNE AYSEN;65,392
01-10-2012;NO;PNE COCHAMÓ;162,313
01-10-2012;NO;PNE HORNOPIRÉN;105,716
01-10-2012;NO;PNE PARENAS;36,333
01-10-2012;NO;PNE PNATALES;55,389
01-10-2012;NO;PNE PORVENIR;55,64
01-10-2012;NO;PNE SEN-SIC;45,199
01-10-2012;NO;PNE SEN-SING Cruc.;38,957
01-10-2012;NO;PNE WILLIAMS;255,614
01-10-2012;NO;PNP AYSEN;7566,56
01-10-2012;NO;PNP COCHAMÓ;7750,28
01-10-2012;NO;PNP HORNOPIRÉN;7750,28
01-10-2012;NO;PNP PARENAS;7400,58
01-10-2012;NO;PNP PNATALES;6532,15
01-10-2012;NO;PNP PORVENIR;7954,76
01-10-2012;NO;PNP SEN-SIC;5026
01-10-2012;NO;PNP SEN-SING Cruc.;4186,75
01-10-2012;NO;PNP WILLIAMS;7582,26
01-10-2012;NO;UF;22591,05
01-11-2012;SI;DÓLAR;475,36
01-11-2012;SI;Factor de actualización;1,2117
01-11-2012;SI;PNE AYSEN;63,695
01-11-2012;SI;PNE COCHAMÓ;158,049
01-11-2012;SI;PNE HORNOPIRÉN;103,631
01-11-2012;SI;PNE PARENAS;36,097
01-11-2012;SI;PNE PNATALES;54,786
01-11-2012;SI;PNE PORVENIR;55,125
01-11-2012;SI;PNE SEN-SIC;45,199
01-11-2012;SI;PNE SEN-SING Cruc.;38,957
01-11-2012;SI;PNE WILLIAMS;247,544
01-11-2012;SI;PNP AYSEN;7332,95
01-11-2012;SI;PNP COCHAMÓ;7511
01-11-2012;SI;PNP HORNOPIRÉN;7511
01-11-2012;SI;PNP PARENAS;7172,09
01-11-2012;SI;PNP PNATALES;6330,48
01-11-2012;SI;PNP PORVENIR;7709,17
01-11-2012;SI;PNP SEN-SIC;5026
01-11-2012;SI;PNP SEN-SING Cruc.;4186,75
01-11-2012;SI;PNP WILLIAMS;7348,16
01-11-2012;SI;UF;22732,79
01-04-2013;NO;DÓLAR;472,484
01-04-2013;NO;Factor de actualización;1,2045
01-04-2013;NO;PNE AYSEN;63,695
01-04-2013;NO;PNE COCHAMÓ;158,049
01-04-2013;NO;PNE HORNOPIRÉN;103,631
01-04-2013;NO;PNE PARENAS;36,097
01-04-2013;NO;PNE PNATALES;54,786
01-04-2013;NO;PNE PORVENIR;55,125
01-04-2013;NO;PNE SEN-SIC;42
01-04-2013;NO;PNE SEN-SING Cruc.;35,812
01-04-2013;NO;PNE WILLIAMS;247,544
01-04-2013;NO;PNP AYSEN;7332,95
01-04-2013;NO;PNP COCHAMÓ;7511
01-04-2013;NO;PNP HORNOPIRÉN;7511
01-04-2013;NO;PNP PARENAS;7172,09
01-04-2013;NO;PNP PNATALES;6330,48
01-04-2013;NO;PNP PORVENIR;7709,17
01-04-2013;NO;PNP SEN-SIC;4570,65
01-04-2013;NO;PNP SEN-SING Cruc.;4180,54
01-04-2013;NO;PNP WILLIAMS;7348,16
01-04-2013;NO;UF;22869,38
01-05-2013;SI;DÓLAR;472,14
01-05-2013;SI;Factor de actualización;1,2008
01-05-2013;SI;PNE AYSEN;64,154
01-05-2013;SI;PNE COCHAMÓ;158,329
01-05-2013;SI;PNE HORNOPIRÉN;104,19
01-05-2013;SI;PNE PARENAS;35,502
01-05-2013;SI;PNE PNATALES;54,526
01-05-2013;SI;PNE PORVENIR;54,773
01-05-2013;SI;PNE SEN-SIC;42
01-05-2013;SI;PNE SEN-SING Cruc.;35,812
01-05-2013;SI;PNE WILLIAMS;248,769
01-05-2013;SI;PNP AYSEN;7434,28
01-05-2013;SI;PNP COCHAMÓ;7614,79
01-05-2013;SI;PNP HORNOPIRÉN;7614,79
01-05-2013;SI;PNP PARENAS;7271,2
01-05-2013;SI;PNP PNATALES;6417,96
01-05-2013;SI;PNP PORVENIR;7815,7
01-05-2013;SI;PNP SEN-SIC;4570,65
01-05-2013;SI;PNP SEN-SING Cruc.;4180,54
01-05-2013;SI;PNP WILLIAMS;7449,7
01-05-2013;SI;UF;22940,02
01-10-2013;NO;DÓLAR;504,57
01-10-2013;NO;Factor de actualización;1,1929
01-10-2013;NO;PNE AYSEN;64,154
01-10-2013;NO;PNE COCHAMÓ;158,329
01-10-2013;NO;PNE HORNOPIRÉN;104,19
01-10-2013;NO;PNE PARENAS;35,502
01-10-2013;NO;PNE PNATALES;54,526
01-10-2013;NO;PNE PORVENIR;54,773
01-10-2013;NO;PNE SEN-SIC;45,769
01-10-2013;NO;PNE SEN-SING Cruc.;35,92
01-10-2013;NO;PNE WILLIAMS;248,769
01-10-2013;NO;PNP AYSEN;7434,28
01-10-2013;NO;PNP COCHAMÓ;7614,79
01-10-2013;NO;PNP HORNOPIRÉN;7614,79
01-10-2013;NO;PNP PARENAS;7271,2
01-10-2013;NO;PNP PNATALES;6417,96
01-10-2013;NO;PNP PORVENIR;7815,7
01-10-2013;NO;PNP SEN-SIC;4934,52
01-10-2013;NO;PNP SEN-SING Cruc.;4258,87
01-10-2013;NO;PNP WILLIAMS;7449,7
01-10-2013;NO;UF;23091,03
01-11-2013;SI;DÓLAR;500,8064
01-11-2013;SI;Factor de actualización;1,188
01-11-2013;SI;PNE AYSEN;65,166
01-11-2013;SI;PNE COCHAMÓ;161,524
01-11-2013;SI;PNE HORNOPIRÉN;106,285
01-11-2013;SI;PNE PARENAS;36,842
01-11-2013;SI;PNE PNATALES;56,134
01-11-2013;SI;PNE PORVENIR;56,46
01-11-2013;SI;PNE SEN-SIC;45,769
01-11-2013;SI;PNE SEN-SING Cruc.;35,92
01-11-2013;SI;PNE WILLIAMS;253,685
01-11-2013;SI;PNP AYSEN;7556,35
01-11-2013;SI;PNP COCHAMÓ;7739,82
01-11-2013;SI;PNP HORNOPIRÉN;7739,82
01-11-2013;SI;PNP PARENAS;7390,59
01-11-2013;SI;PNP PNATALES;6523,33
01-11-2013;SI;PNP PORVENIR;7944,02
01-11-2013;SI;PNP SEN-SIC;4934,52
01-11-2013;SI;PNP SEN-SING Cruc.;4258,87
01-11-2013;SI;PNP WILLIAMS;7572,02
01-11-2013;SI;UF;23186,81
01-03-2014;SI;DÓLAR;551,41
01-03-2014;SI;Factor de actualización;1,1718
01-03-2014;SI;PNE AYSEN;65,166
01-03-2014;SI;PNE COCHAMÓ;161,524
01-03-2014;SI;PNE HORNOPIRÉN;106,285
01-03-2014;SI;PNE PARENAS;36,842
01-03-2014;SI;PNE PNATALES;56,134
01-03-2014;SI;PNE PORVENIR;56,46
01-03-2014;SI;PNE SEN-SIC;39,516
01-03-2014;SI;PNE SEN-SING Cruc.;35,92
01-03-2014;SI;PNE WILLIAMS;253,685
01-03-2014;SI;PNP AYSEN;7556,35
01-03-2014;SI;PNP COCHAMÓ;7739,82
01-03-2014;SI;PNP HORNOPIRÉN;7739,82
01-03-2014;SI;PNP PARENAS;7390,59
01-03-2014;SI;PNP PNATALES;6523,33
01-03-2014;SI;PNP PORVENIR;7944,02
01-03-2014;SI;PNP SEN-SIC;5280,31
01-03-2014;SI;PNP SEN-SING Cruc.;4258,87
01-03-2014;SI;PNP WILLIAMS;7572,02
01-03-2014;SI;UF;23508,46
01-04-2014;NO;DÓLAR;563,84
01-04-2014;NO;Factor de actualización;1,1669
01-04-2014;NO;PNE AYSEN;65,166
01-04-2014;NO;PNE COCHAMÓ;161,524
01-04-2014;NO;PNE HORNOPIRÉN;106,285
01-04-2014;NO;PNE PARENAS;36,842
01-04-2014;NO;PNE PNATALES;56,134
01-04-2014;NO;PNE PORVENIR;56,46
01-04-2014;NO;PNE SEN-SIC;47,558
01-04-2014;NO;PNE SEN-SING Cruc.;42,777
01-04-2014;NO;PNE WILLIAMS;253,685
01-04-2014;NO;PNP AYSEN;7556,35
01-04-2014;NO;PNP COCHAMÓ;7739,82
01-04-2014;NO;PNP HORNOPIRÉN;7739,82
01-04-2014;NO;PNP PARENAS;7390,59
01-04-2014;NO;PNP PNATALES;6523,33
01-04-2014;NO;PNP PORVENIR;7944,02
01-04-2014;NO;PNP SEN-SIC;5173,47
01-04-2014;NO;PNP SEN-SING Cruc.;4371,33
01-04-2014;NO;PNP WILLIAMS;7572,02
01-04-2014;NO;UF;23606,97
01-05-2014;SI;DÓLAR;554,64
01-05-2014;SI;Factor de actualización;1,1587
01-05-2014;SI;PNE AYSEN;69,166
01-05-2014;SI;PNE COCHAMÓ;168,993
01-05-2014;SI;PNE HORNOPIRÉN;112,228
01-05-2014;SI;PNE PARENAS;39,179
01-05-2014;SI;PNE PNATALES;59,56
01-05-2014;SI;PNE PORVENIR;56,9
01-05-2014;SI;PNE SEN-SIC;47,558
01-05-2014;SI;PNE SEN-SING Cruc.;42,777
01-05-2014;SI;PNE WILLIAMS;268,813
01-05-2014;SI;PNP AYSEN;8068,29
01-05-2014;SI;PNP COCHAMÓ;8264,19
01-05-2014;SI;PNP HORNOPIRÉN;8264,19
01-05-2014;SI;PNP PARENAS;7891,29
01-05-2014;SI;PNP PNATALES;6965,29
01-05-2014;SI;PNP PORVENIR;8482,23
01-05-2014;SI;PNP SEN-SIC;5173,47
01-05-2014;SI;PNP SEN-SING Cruc.;4371,33
01-05-2014;SI;PNP WILLIAMS;8085,02
01-05-2014;SI;UF;23773,41
01-10-2014;SI;DÓLAR;593,47
01-10-2014;NO;DÓLAR;593,47
01-10-2014;SI;DÓLAR;593,47
01-10-2014;SI;Factor de actualización;1,1398
01-10-2014;NO;Factor de actualización;1,1398
01-10-2014;SI;Factor de actualización;1,1398
01-10-2014;SI;PNE AYSEN;69,166
01-10-2014;NO;PNE AYSEN;69,166
01-10-2014;SI;PNE AYSEN;71,186
01-10-2014;SI;PNE COCHAMÓ;168,993
01-10-2014;NO;PNE COCHAMÓ;168,993
01-10-2014;SI;PNE COCHAMÓ;168,387
01-10-2014;SI;PNE HORNOPIRÉN;112,228
01-10-2014;NO;PNE HORNOPIRÉN;112,228
01-10-2014;SI;PNE HORNOPIRÉN;114,928
01-10-2014;SI;PNE PARENAS;39,179
01-10-2014;NO;PNE PARENAS;39,179
01-10-2014;SI;PNE PARENAS;41,116
01-10-2014;SI;PNE PNATALES;59,56
01-10-2014;NO;PNE PNATALES;59,56
01-10-2014;SI;PNE PNATALES;62,038
01-10-2014;SI;PNE PORVENIR;56,9
01-10-2014;NO;PNE PORVENIR;56,9
01-10-2014;SI;PNE PORVENIR;62,459
01-10-2014;SI;PNE SEN-SIC;53,123
01-10-2014;NO;PNE SEN-SIC;50,769
01-10-2014;SI;PNE SEN-SIC;50,769
01-10-2014;SI;PNE SEN-SING Cruc.;42,777
01-10-2014;NO;PNE SEN-SING Cruc.;40,031
01-10-2014;SI;PNE SEN-SING Cruc.;40,031
01-10-2014;SI;PNE WILLIAMS;268,813
01-10-2014;NO;PNE WILLIAMS;268,813
01-10-2014;SI;PNE WILLIAMS;277,29
01-10-2014;SI;PNP AYSEN;8068,29
01-10-2014;NO;PNP AYSEN;8068,29
01-10-2014;SI;PNP AYSEN;8331,66
01-10-2014;SI;PNP COCHAMÓ;8264,19
01-10-2014;NO;PNP COCHAMÓ;8264,19
01-10-2014;SI;PNP COCHAMÓ;8553,96
01-10-2014;SI;PNP HORNOPIRÉN;8264,19
01-10-2014;NO;PNP HORNOPIRÉN;8264,19
01-10-2014;SI;PNP HORNOPIRÉN;8553,96
01-10-2014;SI;PNP PARENAS;7891,29
01-10-2014;NO;PNP PARENAS;7891,29
01-10-2014;SI;PNP PARENAS;8148,89
01-10-2014;SI;PNP PNATALES;6965,29
01-10-2014;NO;PNP PNATALES;6965,29
01-10-2014;SI;PNP PNATALES;7192,65
01-10-2014;SI;PNP PORVENIR;8482,23
01-10-2014;NO;PNP PORVENIR;8482,23
01-10-2014;SI;PNP PORVENIR;8759,11
01-10-2014;SI;PNP SEN-SIC;5459,55
01-10-2014;NO;PNP SEN-SIC;6658,17
01-10-2014;SI;PNP SEN-SIC;6658,17
01-10-2014;SI;PNP SEN-SING Cruc.;4371,33
01-10-2014;NO;PNP SEN-SING Cruc.;4964,6
01-10-2014;SI;PNP SEN-SING Cruc.;4964,6
01-10-2014;SI;PNP WILLIAMS;8085,02
01-10-2014;NO;PNP WILLIAMS;8085,02
01-10-2014;SI;PNP WILLIAMS;8348,94
01-10-2014;SI;UF;24168,02
01-10-2014;NO;UF;24168,02
01-10-2014;SI;UF;24168,02
01-04-2015;NO;DÓLAR;628,5
01-04-2015;SI;DÓLAR;628,5
01-04-2015;NO;Factor de actualización;1,1187
01-04-2015;SI;Factor de actualización;1,1187
01-04-2015;NO;PNE AYSEN;71,186
01-04-2015;SI;PNE AYSEN;66,315
01-04-2015;NO;PNE COCHAMÓ;168,387
01-04-2015;SI;PNE COCHAMÓ;143,079
01-04-2015;NO;PNE HORNOPIRÉN;114,928
01-04-2015;SI;PNE HORNOPIRÉN;106,898
01-04-2015;NO;PNE PARENAS;41,116
01-04-2015;SI;PNE PARENAS;40,987
01-04-2015;NO;PNE PNATALES;62,038
01-04-2015;SI;PNE PNATALES;62,308
01-04-2015;NO;PNE PORVENIR;62,459
01-04-2015;SI;PNE PORVENIR;62,725
01-04-2015;NO;PNE SEN-SIC;51,299
01-04-2015;SI;PNE SEN-SIC;51,299
01-04-2015;NO;PNE SEN-SING Cruc.;33,719
01-04-2015;SI;PNE SEN-SING Cruc.;33,719
01-04-2015;NO;PNE WILLIAMS;277,29
01-04-2015;SI;PNE WILLIAMS;249,868
01-04-2015;NO;PNP AYSEN;8331,66
01-04-2015;SI;PNP AYSEN;8410,63
01-04-2015;NO;PNP COCHAMÓ;8553,96
01-04-2015;SI;PNP COCHAMÓ;8614,84
01-04-2015;NO;PNP HORNOPIRÉN;8553,96
01-04-2015;SI;PNP HORNOPIRÉN;8614,84
01-04-2015;NO;PNP PARENAS;8148,89
01-04-2015;SI;PNP PARENAS;8226,13
01-04-2015;NO;PNP PNATALES;7192,65
01-04-2015;SI;PNP PNATALES;7260,83
01-04-2015;NO;PNP PORVENIR;8759,11
01-04-2015;SI;PNP PORVENIR;8842,13
01-04-2015;NO;PNP SEN-SIC;8285,77
01-04-2015;SI;PNP SEN-SIC;8285,77
01-04-2015;NO;PNP SEN-SING Cruc.;5184,01
01-04-2015;SI;PNP SEN-SING Cruc.;5184,01
01-04-2015;NO;PNP WILLIAMS;8348,94
01-04-2015;SI;PNP WILLIAMS;8428,07
01-04-2015;NO;UF;24622,78
01-04-2015;SI;UF;24622,78
01-08-2015;SI;DÓLAR;650,1395
01-08-2015;SI;DÓLAR;628,5
01-08-2015;SI;Factor de actualización;1,098
01-08-2015;SI;Factor de actualización;1,098
01-08-2015;SI;PNE AYSEN;68,523
01-08-2015;SI;PNE AYSEN;60,167
01-08-2015;SI;PNE COCHAMÓ;162,201
01-08-2015;SI;PNE COCHAMÓ;130,519
01-08-2015;SI;PNE HORNOPIRÉN;127,352
01-08-2015;SI;PNE HORNOPIRÉN;110,834
01-08-2015;SI;PNE PARENAS;41,342
01-08-2015;SI;PNE PARENAS;41,122
01-08-2015;SI;PNE PNATALES;59,436
01-08-2015;SI;PNE PNATALES;60,142
01-08-2015;SI;PNE PORVENIR;55,501
01-08-2015;SI;PNE PORVENIR;55,98
01-08-2015;SI;PNE SEN-SIC;51,299
01-08-2015;SI;PNE SEN-SIC;51,299
01-08-2015;SI;PNE SEN-SING Cruc.;33,719
01-08-2015;SI;PNE SEN-SING Cruc.;33,719
01-08-2015;SI;PNE WILLIAMS;225,946
01-08-2015;SI;PNE WILLIAMS;199,854
01-08-2015;SI;PNP AYSEN;7101,85
01-08-2015;SI;PNP AYSEN;7324,41
01-08-2015;SI;PNP COCHAMÓ;13677,57
01-08-2015;SI;PNP COCHAMÓ;13987,25
01-08-2015;SI;PNP HORNOPIRÉN;8593,89
01-08-2015;SI;PNP HORNOPIRÉN;8857,74
01-08-2015;SI;PNP PARENAS;9425,43
01-08-2015;SI;PNP PARENAS;9873,96
01-08-2015;SI;PNP PNATALES;5343,73
01-08-2015;SI;PNP PNATALES;5533,03
01-08-2015;SI;PNP PORVENIR;6781,24
01-08-2015;SI;PNP PORVENIR;6984,62
01-08-2015;SI;PNP SEN-SIC;8285,77
01-08-2015;SI;PNP SEN-SIC;8285,77
01-08-2015;SI;PNP SEN-SING Cruc.;5184,01
01-08-2015;SI;PNP SEN-SING Cruc.;5184,01
01-08-2015;SI;PNP WILLIAMS;13054,39
01-08-2015;SI;PNP WILLIAMS;13347,79
01-08-2015;SI;UF;25086,58
01-08-2015;SI;UF;25086,58
01-10-2015;SI;DÓLAR;691,729
01-10-2015;NO;DÓLAR;691,73
01-10-2015;SI;Factor de actualización;1,0868
01-10-2015;NO;Factor de actualización;1,0868
01-10-2015;SI;PNE AYSEN;60,442
01-10-2015;NO;PNE AYSEN;60,442
01-10-2015;SI;PNE COCHAMÓ;127,022
01-10-2015;NO;PNE COCHAMÓ;127,022
01-10-2015;SI;PNE HORNOPIRÉN;110,406
01-10-2015;NO;PNE HORNOPIRÉN;110,406
01-10-2015;SI;PNE PARENAS;42,605
01-10-2015;NO;PNE PARENAS;42,605
01-10-2015;SI;PNE PNATALES;62,807
01-10-2015;NO;PNE PNATALES;62,807
01-10-2015;SI;PNE PORVENIR;58,308
01-10-2015;NO;PNE PORVENIR;58,308
01-10-2015;SI;PNE SEN-SIC;51,299
01-10-2015;NO;PNE SEN-SIC;49,478
01-10-2015;SI;PNE SEN-SING Cruc.;33,719
01-10-2015;NO;PNE SEN-SING Cruc.;35,302
01-10-2015;SI;PNE WILLIAMS;196,932
01-10-2015;NO;PNE WILLIAMS;196,932
01-10-2015;SI;PNP AYSEN;7729,46
01-10-2015;NO;PNP AYSEN;7729,46
01-10-2015;SI;PNP COCHAMÓ;14546,94
01-10-2015;NO;PNP COCHAMÓ;14546,94
01-10-2015;SI;PNP HORNOPIRÉN;9335,37
01-10-2015;NO;PNP HORNOPIRÉN;9335,37
01-10-2015;SI;PNP PARENAS;10489,52
01-10-2015;NO;PNP PARENAS;10489,52
01-10-2015;SI;PNP PNATALES;5862,33
01-10-2015;NO;PNP PNATALES;5862,33
01-10-2015;SI;PNP PORVENIR;7337,18
01-10-2015;NO;PNP PORVENIR;7337,18
01-10-2015;SI;PNP SEN-SIC;8285,77
01-10-2015;NO;PNP SEN-SIC;7902,31
01-10-2015;SI;PNP SEN-SING Cruc.;5184,01
01-10-2015;NO;PNP SEN-SING Cruc.;5345,84
01-10-2015;SI;PNP WILLIAMS;13877,35
01-10-2015;NO;PNP WILLIAMS;13877,35
01-10-2015;SI;UF;25346,89
01-10-2015;NO;UF;25346,89
01-03-2016;SI;DÓLAR;704,08
01-03-2016;SI;Factor de actualización;1,0711
01-03-2016;SI;PNE AYSEN;60,442
01-03-2016;SI;PNE COCHAMÓ;112,038
01-03-2016;SI;PNE HORNOPIRÉN;110,406
01-03-2016;SI;PNE PARENAS;42,605
01-03-2016;SI;PNE PNATALES;62,807
01-03-2016;SI;PNE PORVENIR;58,308
01-03-2016;SI;PNE SEN-SIC;49,478
01-03-2016;SI;PNE SEN-SING Cruc.;35,302
01-03-2016;SI;PNE WILLIAMS;196,932
01-03-2016;SI;PNP AYSEN;7729,46
01-03-2016;SI;PNP COCHAMÓ;14752,33
01-03-2016;SI;PNP HORNOPIRÉN;9335,37
01-03-2016;SI;PNP PARENAS;10489,52
01-03-2016;SI;PNP PNATALES;5862,33
01-03-2016;SI;PNP PORVENIR;7337,18
01-03-2016;SI;PNP SEN-SIC;7902,31
01-03-2016;SI;PNP SEN-SING Cruc.;5345,84
01-03-2016;SI;PNP WILLIAMS;13877,35
01-03-2016;SI;UF;25717,4
01-04-2016;NO;DÓLAR;682,07
01-04-2016;NO;Factor de actualización;1,0672
01-04-2016;NO;PNE AYSEN;60,442
01-04-2016;NO;PNE COCHAMÓ;127,022
01-04-2016;NO;PNE HORNOPIRÉN;110,406
01-04-2016;NO;PNE PARENAS;42,605
01-04-2016;NO;PNE PNATALES;62,807
01-04-2016;NO;PNE PORVENIR;58,308
01-04-2016;NO;PNE SEN-SIC;43,881
01-04-2016;NO;PNE SEN-SING Cruc.;31,627
01-04-2016;NO;PNE WILLIAMS;196,932
01-04-2016;NO;PNP AYSEN;7729,46
01-04-2016;NO;PNP COCHAMÓ;14546,94
01-04-2016;NO;PNP HORNOPIRÉN;9335,37
01-04-2016;NO;PNP PARENAS;10489,52
01-04-2016;NO;PNP PNATALES;5862,33
01-04-2016;NO;PNP PORVENIR;7337,18
01-04-2016;NO;PNP SEN-SIC;6978,09
01-04-2016;NO;PNP SEN-SING Cruc.;5485,31
01-04-2016;NO;PNP WILLIAMS;13877,35
01-04-2016;NO;UF;25812,05
01-05-2016;SI;DÓLAR;669,93
01-05-2016;SI;Factor de actualización;1,0633
01-05-2016;SI;PNE AYSEN;53,87
01-05-2016;SI;PNE COCHAMÓ;103,965
01-05-2016;SI;PNE HORNOPIRÉN;98,138
01-05-2016;SI;PNE PARENAS;43,197
01-05-2016;SI;PNE PNATALES;63,442
01-05-2016;SI;PNE PORVENIR;58,957
01-05-2016;SI;PNE SEN-SIC;43,881
01-05-2016;SI;PNE SEN-SING Cruc.;31,627
01-05-2016;SI;PNE WILLIAMS;178,505
01-05-2016;SI;PNP AYSEN;7712,85
01-05-2016;SI;PNP COCHAMÓ;14625,58
01-05-2016;SI;PNP HORNOPIRÉN;9328,11
01-05-2016;SI;PNP PARENAS;10467,21
01-05-2016;SI;PNP PNATALES;5877,6
01-05-2016;SI;PNP PORVENIR;7382,81
01-05-2016;SI;PNP SEN-SIC;6978,09
01-05-2016;SI;PNP SEN-SING Cruc.;5485,31
01-05-2016;SI;PNP WILLIAMS;13956,46
01-05-2016;SI;UF;25906,8
01-11-2016;SI;DÓLAR;668,63
01-11-2016;SI;Factor de actualización;1,0504
01-11-2016;SI;PNE AYSEN;55,567
01-11-2016;SI;PNE COCHAMÓ;109,036
01-11-2016;SI;PNE HORNOPIRÉN;102,281
01-11-2016;SI;PNE PARENAS;43,694
01-11-2016;SI;PNE PNATALES;63,909
01-11-2016;SI;PNE PORVENIR;59,491
01-11-2016;SI;PNE SEN-SIC;43,881
01-11-2016;SI;PNE SEN-SING Cruc.;31,627
01-11-2016;SI;PNE WILLIAMS;180,542
01-11-2016;SI;PNP AYSEN;7689,4
01-11-2016;SI;PNP COCHAMÓ;14726,02
01-11-2016;SI;PNP HORNOPIRÉN;9310,03
01-11-2016;SI;PNP PARENAS;10424,41
01-11-2016;SI;PNP PNATALES;5863,51
01-11-2016;SI;PNP PORVENIR;7402,91
01-11-2016;SI;PNP SEN-SIC;6978,09
01-11-2016;SI;PNP SEN-SING Cruc.;5485,31
01-11-2016;SI;PNP WILLIAMS;14055,92
01-11-2016;SI;UF;26224,3
01-04-2017;NO;DÓLAR;661,2
01-04-2017;NO;Factor de actualización;1,0406
01-04-2017;NO;PNE AYSEN;56,859
01-04-2017;NO;PNE COCHAMÓ;115,843
01-04-2017;NO;PNE HORNOPIRÉN;106,5
01-04-2017;NO;PNE PARENAS;44,074
01-04-2017;NO;PNE PNATALES;64,361
01-04-2017;NO;PNE PORVENIR;59,955
01-04-2017;NO;PNE SEN-SIC;43,285
01-04-2017;NO;PNE SEN-SING Cruc.;29,943
01-04-2017;NO;PNE WILLIAMS;190,25
01-04-2017;NO;PNP AYSEN;7716,76
01-04-2017;NO;PNP COCHAMÓ;14843,5
01-04-2017;NO;PNP HORNOPIRÉN;9347,86
01-04-2017;NO;PNP PARENAS;10429,54
01-04-2017;NO;PNP PNATALES;5883,61
01-04-2017;NO;PNP PORVENIR;7446,44
01-04-2017;NO;PNP SEN-SIC;5365,73
01-04-2017;NO;PNP SEN-SING Cruc.;5451,12
01-04-2017;NO;PNP WILLIAMS;14169,69
01-04-2017;NO;UF;26471,94
01-09-2017;SI;DÓLAR;644,24
01-09-2017;SI;Factor de actualización;1,0354
01-09-2017;SI;PNE AYSEN;56,859
01-09-2017;SI;PNE COCHAMÓ;115,843
01-09-2017;SI;PNE HORNOPIRÉN;106,5
01-09-2017;SI;PNE PARENAS;44,074
01-09-2017;SI;PNE PNATALES;64,361
01-09-2017;SI;PNE PORVENIR;59,955
01-09-2017;SI;PNE SEN-SIC;43,285
01-09-2017;SI;PNE SEN-SING Cruc.;33,968
01-09-2017;SI;PNE WILLIAMS;190,25
01-09-2017;SI;PNP AYSEN;7716,76
01-09-2017;SI;PNP COCHAMÓ;14843,5
01-09-2017;SI;PNP HORNOPIRÉN;9347,86
01-09-2017;SI;PNP PARENAS;10429,54
01-09-2017;SI;PNP PNATALES;5883,61
01-09-2017;SI;PNP PORVENIR;7446,44
01-09-2017;SI;PNP SEN-SIC;5365,73
01-09-2017;SI;PNP SEN-SING Cruc.;5402,43
01-09-2017;SI;PNP WILLIAMS;14169,69
01-09-2017;SI;UF;26604,1
01-10-2017;NO;DÓLAR;625,54
01-10-2017;SI;DÓLAR;625,54
01-10-2017;NO;Factor de actualización;1,0334
01-10-2017;SI;Factor de actualización;1,0334
01-10-2017;NO;PNE AYSEN;56,859
01-10-2017;SI;PNE AYSEN;57,046
01-10-2017;NO;PNE COCHAMÓ;115,843
01-10-2017;SI;PNE COCHAMÓ;114,454
01-10-2017;NO;PNE HORNOPIRÉN;106,5
01-10-2017;SI;PNE HORNOPIRÉN;105,628
01-10-2017;NO;PNE PARENAS;44,074
01-10-2017;SI;PNE PARENAS;44,186
01-10-2017;NO;PNE PNATALES;64,361
01-10-2017;SI;PNE PNATALES;64,029
01-10-2017;NO;PNE PORVENIR;59,955
01-10-2017;SI;PNE PORVENIR;59,769
01-10-2017;NO;PNE SEN-SIC;43,93
01-10-2017;SI;PNE SEN-SIC;43,93
01-10-2017;NO;PNE SEN-SING Cruc.;37,621
01-10-2017;SI;PNE SEN-SING Cruc.;37,621
01-10-2017;NO;PNE WILLIAMS;190,25
01-10-2017;SI;PNE WILLIAMS;190,058
01-10-2017;NO;PNP AYSEN;7716,76
01-10-2017;SI;PNP AYSEN;7594,03
01-10-2017;NO;PNP COCHAMÓ;14843,5
01-10-2017;SI;PNP COCHAMÓ;14766,76
01-10-2017;NO;PNP HORNOPIRÉN;9347,86
01-10-2017;SI;PNP HORNOPIRÉN;9208,51
01-10-2017;NO;PNP PARENAS;10429,54
01-10-2017;SI;PNP PARENAS;10013,05
01-10-2017;NO;PNP PNATALES;5883,61
01-10-2017;SI;PNP PNATALES;5775,65
01-10-2017;NO;PNP PORVENIR;7446,44
01-10-2017;SI;PNP PORVENIR;7355,99
01-10-2017;NO;PNP SEN-SIC;5400,39
01-10-2017;SI;PNP SEN-SIC;5400,39
01-10-2017;NO;PNP SEN-SING Cruc.;5374,93
01-10-2017;SI;PNP SEN-SING Cruc.;5374,93
01-10-2017;NO;PNP WILLIAMS;14169,69
01-10-2017;SI;PNP WILLIAMS;14099,83
01-10-2017;NO;UF;26656,79
01-10-2017;SI;UF;26656,79
01-04-2018;NO;DÓLAR;603,45
01-04-2018;NO;Factor de actualización;1,0215
01-04-2018;NO;PNE AYSEN;60,306
01-04-2018;NO;PNE COCHAMÓ;126,176
01-04-2018;NO;PNE HORNOPIRÉN;112,434
01-04-2018;NO;PNE PARENAS;44,606
01-04-2018;NO;PNE PNATALES;64,387
01-04-2018;NO;PNE PORVENIR;60,203
01-04-2018;NO;PNE SEN-SIC;41,176
01-04-2018;NO;PNE SEN-SING Cruc.;42,141
01-04-2018;NO;PNE WILLIAMS;201,159
01-04-2018;NO;PNP AYSEN;7571,85
01-04-2018;NO;PNP COCHAMÓ;14873,53
01-04-2018;NO;PNP HORNOPIRÉN;9191,84
01-04-2018;NO;PNP PARENAS;9835,45
01-04-2018;NO;PNP PNATALES;5755,63
01-04-2018;NO;PNP PORVENIR;7371,9
01-04-2018;NO;PNP SEN-SIC;5122,32
01-04-2018;NO;PNP SEN-SING Cruc.;5110,33
01-04-2018;NO;PNP WILLIAMS;14205,32
01-04-2018;NO;UF;26966,89
01-10-2018;NO;DÓLAR;680,91
01-10-2018;NO;Factor de actualización;1,0069
01-10-2018;NO;PNE AYSEN;67,755
01-10-2018;NO;PNE COCHAMÓ;146,143
01-10-2018;NO;PNE HORNOPIRÉN;124,83
01-10-2018;NO;PNE PARENAS;45,83
01-10-2018;NO;PNE PNATALES;66,938
01-10-2018;NO;PNE PORVENIR;62,327
01-10-2018;NO;PNE SEN-SIC;39,173
01-10-2018;NO;PNE SEN-SING Cruc.;40,842
01-10-2018;NO;PNE WILLIAMS;219,216
01-10-2018;NO;PNP AYSEN;8108,7
01-10-2018;NO;PNP COCHAMÓ;15499,49
01-10-2018;NO;PNP HORNOPIRÉN;9808,43
01-10-2018;NO;PNP PARENAS;10548,95
01-10-2018;NO;PNP PNATALES;6139,07
01-10-2018;NO;PNP PORVENIR;7749,78
01-10-2018;NO;PNP SEN-SIC;4981,72
01-10-2018;NO;PNP SEN-SING Cruc.;4972,52
01-10-2018;NO;PNP WILLIAMS;14791,58
01-10-2018;NO;UF;27357,45
01-02-2019;SI;DÓLAR;677,06
01-02-2019;SI;Factor de actualización;1
01-02-2019;SI;PNE AYSEN;67,755
01-02-2019;SI;PNE COCHAMÓ;146,143
01-02-2019;SI;PNE HORNOPIRÉN;124,83
01-02-2019;SI;PNE PARENAS;45,83
01-02-2019;SI;PNE PNATALES;66,938
01-02-2019;SI;PNE PORVENIR;62,327
01-02-2019;SI;PNE SEN-SIC;43,331
01-02-2019;SI;PNE SEN-SING Cruc.;45,177
01-02-2019;SI;PNE WILLIAMS;219,216
01-02-2019;SI;PNP AYSEN;8108,7
01-02-2019;SI;PNP COCHAMÓ;15499,49
01-02-2019;SI;PNP HORNOPIRÉN;9808,43
01-02-2019;SI;PNP PARENAS;10548,95
01-02-2019;SI;PNP PNATALES;6139,07
01-02-2019;SI;PNP PORVENIR;7749,78
01-02-2019;SI;PNP SEN-SIC;5351,08
01-02-2019;SI;PNP SEN-SING Cruc.;5345,1
01-02-2019;SI;PNP WILLIAMS;14791,58
01-02-2019;SI;UF;27546,22
01-04-2019;SI;DÓLAR;667,68
01-10-2019;SI;DÓLAR;718,44
01-04-2019;NO;PNE SEN-SIC;46,101
01-04-2019;NO;PNP SEN-SIC;5336,31
01-04-2019;NO;PNE SEN-SING Cruc.;46,832
01-04-2019;NO;PNP SEN-SING Cruc.;5351,62
01-10-2019;NO;PNE SEN-SIC;47,674
01-10-2019;NO;PNP SEN-SIC;5528,39
01-10-2019;NO;PNE SEN-SING Cruc.;46,885
01-10-2019;NO;PNP SEN-SING Cruc.;5291,22
